recording,site,event_id,t_start,t_end,n_pulses,gamma_score,cv2_p95,cv2_max,lag1_autocorr,spatial_silhouette,spatial_minority_frac,spatial_interleave,n_concurrent_tracks,reject_reason
flona06-20250915T1529-1_pulses,line_site_1_2,0,2174.512,2174.871,39,0.867,0.691,1.021,0.014,0.625,0.205,0.750,1,"interleaved-2nd-cluster(sil=0.62,min=0.21,il=0.75);overlapping-volley"
flona06-20250915T1529-1_pulses,line_site_1_2,1,2174.901,2175.004,8,0.792,0.639,0.695,-0.431,0.384,0.250,1.000,1,overlapping-volley
flona06-20250915T1529-1_pulses,line_site_1_2,2,2175.053,2175.143,9,0.841,0.646,0.665,-0.460,0.559,0.111,1.000,2,"interleaved-2nd-cluster(sil=0.56,min=0.11,il=1.00);overlapping-volley"
flona06-20250915T1529-1_pulses,line_site_1_2,34,2208.932,2208.982,10,0.876,0.912,0.997,-0.490,0.625,0.100,1.000,0,"interleaved-2nd-cluster(sil=0.62,min=0.10,il=1.00)"
flona06-20250915T1529-1_pulses,line_site_1_2,38,2235.050,2235.087,10,0.756,0.795,0.856,-0.120,0.556,0.100,1.000,0,"interleaved-2nd-cluster(sil=0.56,min=0.10,il=1.00);overlapping-volley"
flona06-20250915T1529-1_pulses,line_site_1_2,41,8926.607,8926.701,10,0.891,0.225,0.271,-0.485,0.501,0.100,1.000,0,"interleaved-2nd-cluster(sil=0.50,min=0.10,il=1.00);overlapping-volley"
flona06-20250915T1529-1_pulses,line_site_1_2,50,12077.494,12077.602,12,0.738,1.582,1.612,-0.722,0.741,0.083,1.000,0,"interleaved-2nd-cluster(sil=0.74,min=0.08,il=1.00)"
flona06-20250915T1529-1_pulses,line_site_1_2,67,46132.349,46132.422,10,0.821,1.204,1.260,-0.193,0.688,0.200,0.500,0,"interleaved-2nd-cluster(sil=0.69,min=0.20,il=0.50);overlapping-volley"
flona06-20250915T1529-1_pulses,line_site_1_2,75,47771.961,47771.986,8,0.748,0.691,0.695,-0.566,0.772,0.250,0.500,1,"interleaved-2nd-cluster(sil=0.77,min=0.25,il=0.50);overlapping-volley"
flona06-20250915T1529-1_pulses,line_site_1_2,77,47839.997,47840.117,11,0.826,0.929,0.997,-0.233,0.499,0.455,0.400,0,overlapping-volley
flona06-20250915T1529-1_pulses,line_site_1_2,88,53166.212,53166.291,15,0.778,1.399,1.510,-0.496,0.709,0.200,0.667,0,"interleaved-2nd-cluster(sil=0.71,min=0.20,il=0.67)"
flona06-20250915T1529-1_pulses,line_site_1_2,92,68708.039,68708.062,8,0.828,0.325,0.378,0.029,0.376,0.375,0.667,2,overlapping-volley
flona06-20250915T1529-1_pulses,line_site_1_2,97,68797.967,68798.080,19,0.796,0.821,0.920,-0.122,0.346,0.211,0.750,0,overlapping-volley
flona06-20250915T1529-1_pulses,line_site_1_2,101,70064.338,70065.115,72,0.918,1.110,1.347,-0.153,0.661,0.472,0.029,1,overlapping-volley
flona06-20250915T1529-1_pulses,line_site_1_2,118,70263.267,70263.334,9,0.200,0.619,0.684,-0.851,0.342,0.111,1.000,4,overlapping-volley
flona06-20250915T1529-1_pulses,line_site_1_2,119,70263.446,70263.604,15,0.750,0.916,0.979,-0.272,0.372,0.467,0.429,4,overlapping-volley
flona06-20250915T1529-1_pulses,line_site_1_2,131,70273.360,70273.437,8,0.746,0.904,0.992,-0.688,0.357,0.125,1.000,6,overlapping-volley
flona06-20250915T1529-1_pulses,line_site_1_2,137,70274.235,70274.328,8,0.879,1.100,1.180,-0.355,0.716,0.125,1.000,6,"interleaved-2nd-cluster(sil=0.72,min=0.12,il=1.00);overlapping-volley"
flona06-20250915T1529-1_pulses,line_site_1_2,162,71581.947,71582.075,20,0.857,0.701,0.739,-0.714,0.665,0.300,0.167,1,overlapping-volley
flona06-20250915T1529-1_pulses,line_site_1_2,167,71653.208,71653.305,11,0.761,0.642,0.732,-0.010,0.377,0.364,0.750,1,overlapping-volley
flona06-20250915T1529-1_pulses,line_site_1_2,171,77657.719,77657.928,23,0.704,0.775,1.229,-0.145,0.636,0.348,0.125,1,overlapping-volley
flona06-20250915T1529-1_pulses,line_site_1_2,174,77884.361,77884.468,14,0.957,1.038,1.143,-0.411,0.652,0.429,0.167,1,overlapping-volley
flona06-20250915T1529-1_pulses,line_site_1_2,227,138087.805,138088.005,33,0.831,1.194,1.254,-0.356,0.634,0.182,0.500,1,"interleaved-2nd-cluster(sil=0.63,min=0.18,il=0.50)"
flona06-20250919T1626-1_pulses,line_site_1_2,6,12732.590,12732.733,25,0.753,1.282,1.550,-0.656,0.580,0.400,0.300,1,overlapping-volley
flona06-20250919T1626-1_pulses,line_site_1_2,7,32182.536,32183.262,76,0.838,0.643,0.878,0.205,0.497,0.250,0.105,1,overlapping-volley
flona06-20250919T1626-1_pulses,line_site_1_2,8,32183.756,32185.163,113,0.866,0.822,1.204,0.260,0.651,0.274,0.032,4,overlapping-volley
flona06-20250919T1626-1_pulses,line_site_1_2,14,32185.520,32185.599,10,0.876,0.269,0.328,-0.462,0.298,0.400,0.750,4,overlapping-volley
flona06-20250919T1626-1_pulses,line_site_1_2,20,32187.079,32187.268,11,0.830,0.121,0.157,-0.580,0.271,0.455,0.800,5,overlapping-volley
flona06-20250919T1626-1_pulses,line_site_1_2,21,32187.297,32187.510,15,0.950,0.630,0.786,-0.563,0.536,0.267,1.000,5,"interleaved-2nd-cluster(sil=0.54,min=0.27,il=1.00);overlapping-volley"
flona06-20250919T1626-1_pulses,line_site_1_2,23,32187.777,32188.041,14,0.882,0.425,0.464,-0.492,0.555,0.071,1.000,4,overlapping-volley
flona06-20250919T1626-1_pulses,line_site_1_2,35,32189.531,32189.767,13,0.705,0.408,0.463,-0.598,0.567,0.077,1.000,3,overlapping-volley
flona06-20250919T1626-1_pulses,line_site_1_2,41,32190.450,32191.185,50,0.898,0.696,0.886,0.134,0.495,0.120,0.500,3,"interleaved-2nd-cluster(sil=0.50,min=0.12,il=0.50);overlapping-volley"
flona06-20250919T1626-1_pulses,line_site_1_2,46,32191.655,32191.842,13,0.894,0.715,0.876,-0.540,0.611,0.077,1.000,2,overlapping-volley
flona06-20250919T1626-1_pulses,line_site_1_2,51,32193.189,32193.737,37,0.794,0.432,0.466,-0.222,0.850,0.027,1.000,3,overlapping-volley
flona06-20250919T1626-1_pulses,line_site_1_2,56,32195.918,32196.196,18,0.849,0.464,0.552,-0.546,0.361,0.333,0.167,3,overlapping-volley
flona06-20250919T1626-1_pulses,line_site_1_2,59,32196.624,32196.765,11,0.856,0.538,0.640,-0.757,0.312,0.273,0.667,3,overlapping-volley
flona06-20250919T1626-1_pulses,line_site_1_2,62,32197.062,32197.196,9,0.881,0.497,0.514,-0.434,0.456,0.222,0.500,2,"interleaved-2nd-cluster(sil=0.46,min=0.22,il=0.50);overlapping-volley"
flona06-20250919T1626-1_pulses,line_site_1_2,63,32197.593,32197.683,9,0.804,0.865,1.008,-0.129,0.419,0.444,0.250,2,overlapping-volley
flona06-20250919T1626-1_pulses,line_site_1_2,64,32197.992,32198.270,16,0.855,0.430,0.452,-0.758,0.478,0.438,0.143,2,overlapping-volley
flona06-20250919T1626-1_pulses,line_site_1_2,65,32198.755,32198.940,11,0.899,0.537,0.684,-0.426,0.377,0.182,0.500,2,overlapping-volley
flona06-20250919T1626-1_pulses,line_site_1_2,68,32199.305,32200.095,42,0.901,0.504,0.647,-0.288,0.317,0.500,0.571,3,overlapping-volley
flona06-20250919T1626-1_pulses,line_site_1_2,71,32200.413,32200.774,20,0.867,0.515,0.634,-0.649,0.659,0.050,1.000,4,overlapping-volley
flona06-20250919T1626-1_pulses,line_site_1_2,72,32200.817,32201.352,43,0.837,0.450,0.725,-0.200,0.756,0.070,1.000,4,overlapping-volley
flona06-20250919T1626-1_pulses,line_site_1_2,75,32202.755,32203.066,25,0.200,0.433,1.150,-0.731,0.723,0.080,0.500,5,"interleaved-2nd-cluster(sil=0.72,min=0.08,il=0.50);overlapping-volley"
flona06-20250919T1626-1_pulses,line_site_1_2,81,32204.584,32204.704,8,0.772,0.293,0.378,0.239,0.583,0.125,1.000,5,"interleaved-2nd-cluster(sil=0.58,min=0.12,il=1.00);overlapping-volley"
flona06-20250919T1626-1_pulses,line_site_1_2,89,32208.535,32208.652,8,0.200,0.278,0.294,-0.117,0.436,0.500,0.250,3,overlapping-volley
flona06-20250919T1626-1_pulses,line_site_1_2,101,32212.121,32212.314,11,0.655,0.259,0.270,-0.550,0.419,0.455,1.000,2,overlapping-volley
flona06-20250919T1626-1_pulses,line_site_1_2,106,35809.944,35809.962,8,0.839,0.524,0.632,0.137,0.408,0.250,0.500,0,overlapping-volley
flona06-20250919T1626-1_pulses,line_site_1_2,107,35810.029,35810.200,24,0.867,0.708,1.029,-0.516,0.363,0.458,0.182,1,overlapping-volley
flona06-20250919T1626-1_pulses,line_site_1_2,126,38319.464,38319.513,8,0.828,1.317,1.357,-0.869,0.533,0.250,0.500,0,"interleaved-2nd-cluster(sil=0.53,min=0.25,il=0.50);overlapping-volley"
flona06-20250919T1626-1_pulses,line_site_1_2,132,42999.330,42999.447,14,0.920,0.465,0.538,-0.466,0.402,0.500,0.143,1,overlapping-volley
flona06-20250919T1626-1_pulses,line_site_1_2,138,49011.435,49011.480,12,0.687,1.117,1.130,-0.700,0.328,0.250,0.333,0,overlapping-volley
flona06-20250919T1626-1_pulses,line_site_1_2,139,49011.603,49011.667,11,0.762,1.308,1.342,-0.719,0.790,0.091,1.000,0,"interleaved-2nd-cluster(sil=0.79,min=0.09,il=1.00);overlapping-volley"
flona06-20250919T1626-1_pulses,line_site_1_2,141,49011.858,49011.913,15,0.749,1.026,1.076,-0.720,0.778,0.133,0.500,0,"interleaved-2nd-cluster(sil=0.78,min=0.13,il=0.50);overlapping-volley"
flona06-20250919T1626-1_pulses,line_site_1_2,142,49011.954,49012.014,11,0.781,0.783,0.901,-0.253,0.492,0.455,0.600,0,"interleaved-2nd-cluster(sil=0.49,min=0.45,il=0.60);overlapping-volley"
flona06-20250919T1626-1_pulses,line_site_1_2,143,49012.111,49012.172,16,0.782,0.744,0.860,-0.202,0.719,0.250,0.500,0,"interleaved-2nd-cluster(sil=0.72,min=0.25,il=0.50);overlapping-volley"
flona06-20250919T1626-1_pulses,line_site_1_2,144,49012.290,49012.349,16,0.717,0.985,1.033,-0.840,0.767,0.125,0.500,0,"interleaved-2nd-cluster(sil=0.77,min=0.12,il=0.50);overlapping-volley"
flona06-20250919T1626-1_pulses,line_site_1_2,146,49012.624,49012.663,9,0.583,1.077,1.227,-0.698,0.622,0.111,1.000,0,"interleaved-2nd-cluster(sil=0.62,min=0.11,il=1.00);overlapping-volley"
flona06-20250919T1626-1_pulses,line_site_1_2,147,49012.746,49012.787,11,0.793,0.512,0.534,-0.398,0.782,0.091,1.000,0,"interleaved-2nd-cluster(sil=0.78,min=0.09,il=1.00);overlapping-volley"
flona06-20250919T1626-1_pulses,line_site_1_2,149,49012.895,49013.168,40,0.748,1.199,1.304,-0.033,0.443,0.150,0.667,0,overlapping-volley
flona06-20250919T1626-1_pulses,line_site_1_2,150,49013.197,49013.602,50,0.744,1.056,1.088,0.202,0.806,0.040,1.000,0,overlapping-volley
flona06-20250919T1626-1_pulses,line_site_1_2,151,49013.647,49013.885,35,0.744,1.023,1.050,-0.082,0.342,0.457,0.500,0,overlapping-volley
flona06-20250919T1626-1_pulses,line_site_1_2,152,49013.915,49014.042,16,0.773,0.755,0.793,-0.477,0.479,0.250,0.750,0,"interleaved-2nd-cluster(sil=0.48,min=0.25,il=0.75);overlapping-volley"
flona06-20250919T1626-1_pulses,line_site_1_2,160,49014.782,49014.840,10,0.783,0.559,0.589,-0.344,0.253,0.200,0.500,0,overlapping-volley
flona06-20250919T1626-1_pulses,line_site_1_2,161,49014.878,49014.938,9,0.739,1.258,1.400,-0.243,0.475,0.333,0.667,0,"interleaved-2nd-cluster(sil=0.48,min=0.33,il=0.67);overlapping-volley"
flona06-20250919T1626-1_pulses,line_site_1_2,162,49014.973,49015.037,8,0.815,0.818,0.906,-0.085,0.511,0.125,1.000,0,"interleaved-2nd-cluster(sil=0.51,min=0.12,il=1.00);overlapping-volley"
flona06-20250919T1626-1_pulses,line_site_1_2,164,49015.150,49015.266,8,0.656,0.610,0.679,-0.894,0.799,0.250,1.000,0,"interleaved-2nd-cluster(sil=0.80,min=0.25,il=1.00);overlapping-volley"
flona06-20250919T1626-1_pulses,line_site_1_2,168,49016.887,49016.940,9,0.765,0.961,1.186,-0.911,0.612,0.111,1.000,0,"interleaved-2nd-cluster(sil=0.61,min=0.11,il=1.00);overlapping-volley"
flona06-20250919T1626-1_pulses,line_site_1_2,170,49017.055,49017.120,9,0.754,0.806,0.927,-0.284,0.245,0.444,0.500,0,overlapping-volley
flona06-20250919T1626-1_pulses,line_site_1_2,180,49019.688,49019.729,8,0.761,0.760,0.768,-0.596,0.627,0.375,0.333,0,overlapping-volley
flona06-20250919T1626-1_pulses,line_site_1_2,182,49020.160,49020.206,9,0.741,0.391,0.473,-0.472,0.593,0.333,0.667,0,"interleaved-2nd-cluster(sil=0.59,min=0.33,il=0.67);overlapping-volley"
flona06-20250919T1626-1_pulses,line_site_1_2,183,49020.554,49020.598,11,0.714,0.455,0.459,-0.833,0.538,0.091,1.000,0,"interleaved-2nd-cluster(sil=0.54,min=0.09,il=1.00);overlapping-volley"
flona06-20250919T1626-1_pulses,line_site_1_2,190,49080.499,49080.559,15,0.740,1.046,1.380,-0.274,0.405,0.400,0.500,0,overlapping-volley
flona06-20250919T1626-1_pulses,line_site_1_2,191,49080.705,49080.748,12,0.729,0.936,1.017,-0.837,0.749,0.167,0.500,0,"interleaved-2nd-cluster(sil=0.75,min=0.17,il=0.50);overlapping-volley"
flona06-20250919T1626-1_pulses,line_site_1_2,195,49081.388,49081.418,8,0.772,0.538,0.615,-0.619,0.580,0.250,0.500,0,"interleaved-2nd-cluster(sil=0.58,min=0.25,il=0.50);overlapping-volley"
flona06-20250919T1626-1_pulses,line_site_1_2,197,49081.862,49081.899,9,0.766,1.177,1.398,-0.676,0.309,0.444,0.750,0,overlapping-volley
flona06-20250919T1626-1_pulses,line_site_1_2,198,49082.132,49082.164,9,0.683,0.672,0.674,-0.643,0.349,0.333,0.667,0,overlapping-volley
flona06-20250919T1626-1_pulses,line_site_1_2,200,49083.147,49083.175,8,0.765,0.614,0.693,-0.300,0.455,0.250,1.000,0,"interleaved-2nd-cluster(sil=0.46,min=0.25,il=1.00);overlapping-volley"
flona06-20250919T1626-1_pulses,line_site_1_2,203,49083.710,49083.750,8,0.764,1.048,1.054,-0.906,0.647,0.125,1.000,0,"interleaved-2nd-cluster(sil=0.65,min=0.12,il=1.00);overlapping-volley"
flona06-20250919T1626-1_pulses,line_site_1_2,204,49083.893,49083.930,9,0.707,0.620,0.629,-0.687,0.293,0.444,0.500,0,overlapping-volley
flona06-20250919T1626-1_pulses,line_site_1_2,206,49084.853,49084.893,9,0.816,0.804,0.858,-0.410,0.714,0.111,1.000,0,"interleaved-2nd-cluster(sil=0.71,min=0.11,il=1.00);overlapping-volley"
flona06-20250919T1626-1_pulses,line_site_1_2,207,49136.861,49136.901,9,0.631,0.922,1.112,-0.208,0.231,0.444,0.500,1,overlapping-volley
flona06-20250919T1626-1_pulses,line_site_1_2,209,49137.563,49137.599,9,0.200,1.274,1.294,-0.559,0.739,0.222,0.500,1,"interleaved-2nd-cluster(sil=0.74,min=0.22,il=0.50);overlapping-volley"
flona06-20250919T1626-1_pulses,line_site_1_2,212,49138.372,49138.398,8,0.766,0.169,0.183,-0.454,0.548,0.125,1.000,1,"interleaved-2nd-cluster(sil=0.55,min=0.12,il=1.00);overlapping-volley"
flona06-20250919T1626-1_pulses,line_site_1_2,215,49138.727,49138.763,11,0.819,0.591,0.676,-0.601,0.769,0.182,0.500,1,"interleaved-2nd-cluster(sil=0.77,min=0.18,il=0.50);overlapping-volley"
flona06-20250919T1626-1_pulses,line_site_1_2,216,49139.383,49139.428,9,0.797,1.131,1.154,-0.656,0.479,0.444,0.500,0,"interleaved-2nd-cluster(sil=0.48,min=0.44,il=0.50);overlapping-volley"
flona06-20250919T1626-1_pulses,line_site_1_2,221,53007.950,53007.978,8,0.675,0.975,1.002,-0.947,0.581,0.250,0.500,0,"interleaved-2nd-cluster(sil=0.58,min=0.25,il=0.50)"
flona06-20250919T1626-1_pulses,line_site_1_2,227,96312.801,96312.853,14,0.791,1.474,1.569,-0.560,0.733,0.214,0.333,0,overlapping-volley
flona06-20250919T1626-1_pulses,line_site_1_2,230,100211.737,100211.810,10,0.651,1.393,1.403,-0.621,0.505,0.200,1.000,0,"interleaved-2nd-cluster(sil=0.50,min=0.20,il=1.00);overlapping-volley"
flona06-20250919T1626-1_pulses,line_site_1_2,232,100212.260,100212.453,17,0.917,0.865,1.258,-0.364,0.542,0.235,1.000,0,"interleaved-2nd-cluster(sil=0.54,min=0.24,il=1.00);overlapping-volley"
flona06-20250919T1626-1_pulses,line_site_1_2,233,100212.484,100212.660,13,0.890,1.303,1.351,-0.705,0.775,0.077,1.000,0,overlapping-volley
flona06-20250919T1626-1_pulses,line_site_1_2,253,109273.432,109273.489,9,0.830,1.129,1.302,-0.722,0.643,0.222,0.500,0,"interleaved-2nd-cluster(sil=0.64,min=0.22,il=0.50)"
flona06-20250919T1626-1_pulses,line_site_1_2,255,109381.470,109381.532,12,0.741,0.858,0.952,-0.390,0.465,0.083,1.000,2,"interleaved-2nd-cluster(sil=0.46,min=0.08,il=1.00);overlapping-volley"
flona06-20250919T1626-1_pulses,line_site_1_2,263,111946.498,111946.568,12,0.921,0.977,1.148,-0.904,0.457,0.083,1.000,0,"interleaved-2nd-cluster(sil=0.46,min=0.08,il=1.00);overlapping-volley"
flona06-20250919T1626-1_pulses,line_site_1_2,264,111946.606,111946.672,8,0.881,0.358,0.427,-0.661,0.725,0.125,1.000,0,"interleaved-2nd-cluster(sil=0.72,min=0.12,il=1.00);overlapping-volley"
flona06-20250919T1626-1_pulses,line_site_1_2,274,114080.199,114080.270,9,0.696,1.224,1.311,-0.523,0.502,0.444,0.750,0,"interleaved-2nd-cluster(sil=0.50,min=0.44,il=0.75)"
flona06-20250919T1626-1_pulses,line_site_1_2,278,116820.193,116820.248,21,0.778,1.340,1.418,-0.192,0.773,0.143,0.333,0,overlapping-volley
flona06-20250919T1626-1_pulses,line_site_1_2,279,116820.295,116820.370,8,0.858,0.706,0.812,-0.416,0.716,0.125,1.000,0,"interleaved-2nd-cluster(sil=0.72,min=0.12,il=1.00);overlapping-volley"
flona06-20250919T1626-1_pulses,line_site_1_2,281,118048.741,118048.891,24,0.813,1.005,1.143,-0.341,0.522,0.083,0.500,0,"interleaved-2nd-cluster(sil=0.52,min=0.08,il=0.50)"
flona06-20250919T1626-1_pulses,line_site_1_2,283,119157.622,119157.764,15,0.770,1.306,1.448,-0.453,0.476,0.133,0.500,0,"interleaved-2nd-cluster(sil=0.48,min=0.13,il=0.50);overlapping-volley"
flona06-20250919T1626-1_pulses,line_site_1_2,284,119157.871,119158.117,22,0.901,0.594,0.719,-0.200,0.754,0.091,1.000,0,"interleaved-2nd-cluster(sil=0.75,min=0.09,il=1.00);overlapping-volley"
flona06-20250919T1626-1_pulses,line_site_1_2,288,120362.598,120362.761,22,0.769,0.820,1.035,-0.170,0.631,0.045,1.000,0,overlapping-volley
flona06-20250919T1626-1_pulses,line_site_1_2,289,120362.791,120363.013,26,0.566,1.069,1.417,-0.520,0.343,0.423,0.364,0,overlapping-volley
flona06-20250919T1626-1_pulses,line_site_1_2,296,121357.900,121358.048,15,0.899,0.359,0.367,0.027,0.829,0.067,1.000,1,overlapping-volley
flona06-20250919T1626-1_pulses,line_site_1_2,302,121777.389,121777.477,12,0.803,0.860,1.034,-0.619,0.749,0.083,1.000,0,"interleaved-2nd-cluster(sil=0.75,min=0.08,il=1.00);overlapping-volley"
flona06-20250919T1626-1_pulses,line_site_1_2,303,121777.518,121777.882,46,0.800,1.125,1.248,-0.192,0.713,0.130,1.000,0,"interleaved-2nd-cluster(sil=0.71,min=0.13,il=1.00);overlapping-volley"
flona06-20250919T1626-1_pulses,line_site_1_2,307,121778.342,121778.515,21,0.775,0.973,1.026,-0.636,0.363,0.333,0.571,0,overlapping-volley
flona06-20250919T1626-1_pulses,line_site_1_2,308,121778.543,121778.650,9,0.842,0.230,0.269,-0.236,0.791,0.111,1.000,0,"interleaved-2nd-cluster(sil=0.79,min=0.11,il=1.00);overlapping-volley"
flona06-20250919T1626-1_pulses,line_site_1_2,321,125385.127,125385.159,8,0.712,1.451,1.548,-0.744,0.474,0.500,0.500,1,"interleaved-2nd-cluster(sil=0.47,min=0.50,il=0.50);overlapping-volley"
flona06-20250919T1626-1_pulses,line_site_1_2,325,125691.954,125691.973,8,0.786,0.705,0.730,-0.199,0.210,0.250,0.500,0,overlapping-volley
flona06-20250919T1626-1_pulses,line_site_1_2,342,134557.843,134557.877,9,0.769,0.989,0.993,-0.726,0.744,0.111,1.000,1,"interleaved-2nd-cluster(sil=0.74,min=0.11,il=1.00);overlapping-volley"
flona06-20250919T1626-1_pulses,line_site_1_2,343,134558.041,134558.427,69,0.819,0.759,1.036,0.364,0.671,0.043,0.667,1,overlapping-volley
flona06-20250919T1626-1_pulses,line_site_1_2,351,136876.936,136876.965,8,0.842,0.561,0.588,-0.454,0.511,0.250,0.500,0,"interleaved-2nd-cluster(sil=0.51,min=0.25,il=0.50);overlapping-volley"
flona06-20250919T1626-1_pulses,line_site_1_2,352,136877.037,136877.687,64,0.896,1.100,1.497,-0.362,0.670,0.125,1.000,0,"interleaved-2nd-cluster(sil=0.67,min=0.12,il=1.00);overlapping-volley"
flona06-20250919T1626-1_pulses,line_site_1_2,362,139333.712,139333.729,8,0.843,0.396,0.488,0.009,0.456,0.375,0.333,0,overlapping-volley
flona02-20250915T1601-1_pulses,line_site_2_3,1,8128.772,8128.859,16,0.821,1.292,1.320,-0.310,0.644,0.125,0.500,0,"interleaved-2nd-cluster(sil=0.64,min=0.12,il=0.50);overlapping-volley"
flona02-20250915T1601-1_pulses,line_site_2_3,5,11135.315,11135.375,9,0.879,0.985,0.990,-0.542,0.556,0.222,0.500,0,"interleaved-2nd-cluster(sil=0.56,min=0.22,il=0.50)"
flona02-20250915T1601-1_pulses,line_site_2_3,11,11734.567,11734.683,11,0.892,0.351,0.422,-0.321,0.476,0.182,0.500,0,"interleaved-2nd-cluster(sil=0.48,min=0.18,il=0.50);overlapping-volley"
flona02-20250915T1601-1_pulses,line_site_2_3,12,11734.734,11734.916,16,0.727,0.605,0.609,-0.847,0.422,0.312,0.200,0,overlapping-volley
flona02-20250915T1601-1_pulses,line_site_2_3,13,11734.941,11735.138,15,0.717,0.699,0.921,-0.479,0.521,0.400,0.167,0,overlapping-volley
flona02-20250915T1601-1_pulses,line_site_2_3,15,11735.574,11735.689,10,0.880,0.805,0.982,-0.734,0.469,0.400,0.250,0,overlapping-volley
flona02-20250915T1601-1_pulses,line_site_2_3,22,13198.431,13198.452,11,0.717,0.713,0.728,-0.159,0.348,0.091,1.000,0,overlapping-volley
flona02-20250915T1601-1_pulses,line_site_2_3,24,13793.855,13793.910,11,0.754,1.099,1.336,-0.174,0.654,0.364,0.750,0,"interleaved-2nd-cluster(sil=0.65,min=0.36,il=0.75);overlapping-volley"
flona02-20250915T1601-1_pulses,line_site_2_3,25,13794.045,13794.119,8,0.636,1.086,1.150,-0.736,0.261,0.375,1.000,0,overlapping-volley
flona02-20250915T1601-1_pulses,line_site_2_3,27,13794.226,13794.404,18,0.816,0.917,1.000,-0.255,0.346,0.444,0.500,0,overlapping-volley
flona02-20250915T1601-1_pulses,line_site_2_3,28,13794.449,13794.556,15,0.873,0.356,0.502,-0.215,0.442,0.400,0.833,0,overlapping-volley
flona02-20250915T1601-1_pulses,line_site_2_3,29,13794.581,13794.659,9,0.831,1.231,1.350,-0.463,0.435,0.111,1.000,0,overlapping-volley
flona02-20250915T1601-1_pulses,line_site_2_3,30,13794.694,13794.752,8,0.788,0.781,0.866,-0.579,0.438,0.375,0.667,0,overlapping-volley
flona02-20250915T1601-1_pulses,line_site_2_3,33,13795.462,13795.561,9,0.868,1.264,1.363,-0.676,0.357,0.222,1.000,0,overlapping-volley
flona02-20250915T1601-1_pulses,line_site_2_3,38,13839.563,13839.645,13,0.761,1.038,1.121,-0.537,0.432,0.462,0.667,0,overlapping-volley
flona02-20250915T1601-1_pulses,line_site_2_3,42,13865.005,13865.095,12,0.795,0.962,0.989,-0.206,0.305,0.250,1.000,0,overlapping-volley
flona02-20250915T1601-1_pulses,line_site_2_3,47,13925.274,13925.434,13,0.729,0.433,0.461,-0.751,0.188,0.385,0.400,0,overlapping-volley
flona02-20250915T1601-1_pulses,line_site_2_3,56,14292.235,14292.316,12,0.815,1.291,1.392,-0.788,0.520,0.250,0.667,0,"interleaved-2nd-cluster(sil=0.52,min=0.25,il=0.67)"
flona02-20250915T1601-1_pulses,line_site_2_3,57,14299.637,14299.656,9,0.817,0.388,0.406,-0.073,0.533,0.222,0.500,0,"interleaved-2nd-cluster(sil=0.53,min=0.22,il=0.50);overlapping-volley"
flona02-20250915T1601-1_pulses,line_site_2_3,59,14423.999,14424.111,24,0.680,1.084,1.579,-0.284,0.625,0.167,0.500,0,"interleaved-2nd-cluster(sil=0.63,min=0.17,il=0.50)"
flona02-20250915T1601-1_pulses,line_site_2_3,60,14450.553,14450.858,40,0.860,1.013,1.034,-0.187,0.487,0.150,0.833,0,"interleaved-2nd-cluster(sil=0.49,min=0.15,il=0.83);overlapping-volley"
flona02-20250915T1601-1_pulses,line_site_2_3,62,14451.214,14451.508,28,0.830,0.897,1.389,-0.371,0.448,0.393,0.818,0,overlapping-volley
flona02-20250915T1601-1_pulses,line_site_2_3,64,14451.797,14452.079,24,0.910,0.989,1.141,-0.464,0.506,0.458,0.455,0,"interleaved-2nd-cluster(sil=0.51,min=0.46,il=0.45);overlapping-volley"
flona02-20250915T1601-1_pulses,line_site_2_3,65,14452.107,14452.198,8,0.871,0.538,0.551,-0.710,0.200,0.375,0.667,0,overlapping-volley
flona02-20250915T1601-1_pulses,line_site_2_3,67,14453.438,14453.571,14,0.679,0.762,0.851,-0.312,0.560,0.143,1.000,0,"interleaved-2nd-cluster(sil=0.56,min=0.14,il=1.00);overlapping-volley"
flona02-20250915T1601-1_pulses,line_site_2_3,68,14453.602,14453.674,8,0.694,0.880,0.881,-0.601,0.540,0.125,1.000,0,"interleaved-2nd-cluster(sil=0.54,min=0.12,il=1.00);overlapping-volley"
flona02-20250915T1601-1_pulses,line_site_2_3,70,14457.133,14457.205,9,0.716,0.986,1.019,-0.868,0.424,0.444,0.500,0,overlapping-volley
flona02-20250915T1601-1_pulses,line_site_2_3,71,14457.232,14457.300,8,0.826,0.832,0.969,-0.724,0.568,0.125,1.000,0,"interleaved-2nd-cluster(sil=0.57,min=0.12,il=1.00);overlapping-volley"
flona02-20250915T1601-1_pulses,line_site_2_3,77,14755.515,14755.641,22,0.881,0.903,1.270,-0.576,0.414,0.273,0.833,0,overlapping-volley
flona02-20250915T1601-1_pulses,line_site_2_3,81,14850.899,14851.051,18,0.782,0.560,0.681,-0.615,0.588,0.111,1.000,0,"interleaved-2nd-cluster(sil=0.59,min=0.11,il=1.00);overlapping-volley"
flona02-20250915T1601-1_pulses,line_site_2_3,85,15345.728,15345.757,9,0.679,1.193,1.336,-0.633,0.517,0.222,0.500,0,"interleaved-2nd-cluster(sil=0.52,min=0.22,il=0.50);overlapping-volley"
flona02-20250915T1601-1_pulses,line_site_2_3,87,15613.905,15613.953,14,0.759,0.912,0.986,-0.095,0.429,0.143,1.000,0,overlapping-volley
flona02-20250915T1601-1_pulses,line_site_2_3,88,15613.982,15614.031,8,0.795,0.725,0.735,-0.233,0.612,0.125,1.000,0,"interleaved-2nd-cluster(sil=0.61,min=0.12,il=1.00);overlapping-volley"
flona02-20250915T1601-1_pulses,line_site_2_3,91,16249.608,16249.812,25,0.779,0.750,0.932,-0.334,0.382,0.440,0.364,0,overlapping-volley
flona02-20250915T1601-1_pulses,line_site_2_3,95,16251.118,16251.184,9,0.736,0.645,0.701,-0.760,0.263,0.444,0.750,0,overlapping-volley
flona02-20250915T1601-1_pulses,line_site_2_3,99,16256.989,16257.090,15,0.560,0.403,0.566,-0.325,0.262,0.467,0.571,0,overlapping-volley
flona02-20250915T1601-1_pulses,line_site_2_3,101,16257.683,16258.202,43,0.813,0.545,0.795,-0.191,0.266,0.349,0.667,0,overlapping-volley
flona02-20250915T1601-1_pulses,line_site_2_3,115,16259.906,16260.018,8,0.800,0.374,0.376,-0.679,0.324,0.375,0.667,0,overlapping-volley
flona02-20250915T1601-1_pulses,line_site_2_3,127,16262.128,16262.336,14,0.881,0.764,0.805,-0.726,0.258,0.500,0.571,0,overlapping-volley
flona02-20250915T1601-1_pulses,line_site_2_3,139,17063.659,17063.773,21,0.861,0.802,0.812,-0.219,0.806,0.095,0.500,0,"interleaved-2nd-cluster(sil=0.81,min=0.10,il=0.50);overlapping-volley"
flona02-20250915T1601-1_pulses,line_site_2_3,140,17063.917,17064.095,18,0.825,0.964,1.106,-0.262,0.460,0.222,0.750,0,"interleaved-2nd-cluster(sil=0.46,min=0.22,il=0.75);overlapping-volley"
flona02-20250915T1601-1_pulses,line_site_2_3,141,17259.828,17260.486,97,0.842,1.005,1.228,0.105,0.385,0.186,0.222,0,overlapping-volley
flona02-20250915T1601-1_pulses,line_site_2_3,142,17260.560,17260.608,9,0.905,0.644,0.744,-0.190,0.537,0.444,0.500,0,"interleaved-2nd-cluster(sil=0.54,min=0.44,il=0.50);overlapping-volley"
flona02-20250915T1601-1_pulses,line_site_2_3,149,17768.401,17768.456,14,0.761,1.061,1.139,-0.548,0.318,0.214,0.667,1,overlapping-volley
flona02-20250915T1601-1_pulses,line_site_2_3,151,17768.901,17768.930,9,0.721,0.973,1.073,-0.830,0.441,0.444,0.500,1,overlapping-volley
flona02-20250915T1601-1_pulses,line_site_2_3,169,19686.699,19686.899,32,0.874,1.071,1.479,-0.400,0.574,0.344,0.636,0,"interleaved-2nd-cluster(sil=0.57,min=0.34,il=0.64)"
flona02-20250915T1601-1_pulses,line_site_2_3,179,20125.745,20126.021,39,0.804,0.933,1.396,-0.355,0.473,0.256,0.700,0,"interleaved-2nd-cluster(sil=0.47,min=0.26,il=0.70);overlapping-volley"
flona02-20250915T1601-1_pulses,line_site_2_3,184,20127.611,20127.719,8,0.708,0.726,0.727,-0.880,0.703,0.125,1.000,1,"interleaved-2nd-cluster(sil=0.70,min=0.12,il=1.00);overlapping-volley"
flona02-20250915T1601-1_pulses,line_site_2_3,186,20127.828,20127.940,10,0.842,0.930,0.935,-0.253,0.372,0.400,0.750,1,overlapping-volley
flona02-20250915T1601-1_pulses,line_site_2_3,191,20129.552,20129.659,12,0.894,0.961,1.068,-0.562,0.527,0.167,0.500,1,"interleaved-2nd-cluster(sil=0.53,min=0.17,il=0.50);overlapping-volley"
flona02-20250915T1601-1_pulses,line_site_2_3,192,20132.480,20132.514,8,0.903,1.025,1.063,-0.592,0.576,0.250,0.500,1,"interleaved-2nd-cluster(sil=0.58,min=0.25,il=0.50)"
flona02-20250915T1601-1_pulses,line_site_2_3,193,20142.630,20142.875,36,0.781,1.176,1.317,-0.123,0.454,0.361,0.615,0,"interleaved-2nd-cluster(sil=0.45,min=0.36,il=0.62)"
flona02-20250915T1601-1_pulses,line_site_2_3,196,20811.303,20811.394,11,0.785,0.769,0.795,-0.150,0.517,0.182,1.000,0,"interleaved-2nd-cluster(sil=0.52,min=0.18,il=1.00);overlapping-volley"
flona02-20250915T1601-1_pulses,line_site_2_3,197,20811.437,20811.547,11,0.813,0.772,0.781,-0.450,0.460,0.182,1.000,0,"interleaved-2nd-cluster(sil=0.46,min=0.18,il=1.00);overlapping-volley"
flona02-20250915T1601-1_pulses,line_site_2_3,199,21545.421,21545.529,17,0.867,0.726,0.790,-0.250,0.515,0.176,0.667,0,"interleaved-2nd-cluster(sil=0.52,min=0.18,il=0.67);overlapping-volley"
flona02-20250915T1601-1_pulses,line_site_2_3,200,21545.591,21545.723,14,0.904,0.806,0.863,-0.410,0.537,0.214,1.000,0,"interleaved-2nd-cluster(sil=0.54,min=0.21,il=1.00);overlapping-volley"
flona02-20250915T1601-1_pulses,line_site_2_3,203,21546.143,21546.243,8,0.838,0.981,1.070,-0.352,0.594,0.125,1.000,0,"interleaved-2nd-cluster(sil=0.59,min=0.12,il=1.00);overlapping-volley"
flona02-20250915T1601-1_pulses,line_site_2_3,204,21546.321,21546.474,15,0.871,0.613,0.860,-0.140,0.450,0.133,1.000,0,overlapping-volley
flona02-20250915T1601-1_pulses,line_site_2_3,205,21546.521,21546.611,8,0.727,0.985,1.144,-0.447,0.639,0.125,1.000,0,"interleaved-2nd-cluster(sil=0.64,min=0.12,il=1.00);overlapping-volley"
flona02-20250915T1601-1_pulses,line_site_2_3,206,21546.688,21546.769,13,0.792,0.737,0.856,-0.802,0.673,0.077,1.000,0,overlapping-volley
flona02-20250915T1601-1_pulses,line_site_2_3,213,21634.271,21634.306,9,0.745,1.146,1.305,-0.318,0.530,0.222,0.500,0,"interleaved-2nd-cluster(sil=0.53,min=0.22,il=0.50);overlapping-volley"
flona02-20250915T1601-1_pulses,line_site_2_3,214,21634.402,21634.578,18,0.899,0.785,1.304,-0.308,0.346,0.222,1.000,0,overlapping-volley
flona02-20250915T1601-1_pulses,line_site_2_3,217,21996.642,21996.705,9,0.803,0.631,0.701,-0.410,0.489,0.111,1.000,0,"interleaved-2nd-cluster(sil=0.49,min=0.11,il=1.00)"
flona02-20250915T1601-1_pulses,line_site_2_3,227,23068.573,23068.752,29,0.816,0.795,0.798,-0.377,0.469,0.448,0.385,0,overlapping-volley
flona02-20250915T1601-1_pulses,line_site_2_3,231,23545.662,23545.979,33,0.894,0.961,1.399,-0.470,0.651,0.061,1.000,0,overlapping-volley
flona02-20250915T1601-1_pulses,line_site_2_3,233,23546.130,23546.284,15,0.832,1.023,1.148,-0.677,0.299,0.400,0.833,0,overlapping-volley
flona02-20250915T1601-1_pulses,line_site_2_3,234,23547.419,23547.645,33,0.816,1.072,1.382,-0.128,0.360,0.182,0.833,0,overlapping-volley
flona02-20250915T1601-1_pulses,line_site_2_3,235,23547.672,23547.844,17,0.914,0.521,0.771,-0.471,0.298,0.235,1.000,0,overlapping-volley
flona02-20250915T1601-1_pulses,line_site_2_3,236,23547.885,23548.111,19,0.925,0.638,0.817,-0.633,0.328,0.474,0.778,0,overlapping-volley
flona02-20250915T1601-1_pulses,line_site_2_3,237,23548.140,23548.231,11,0.821,0.728,0.892,-0.375,0.399,0.182,1.000,0,overlapping-volley
flona02-20250915T1601-1_pulses,line_site_2_3,238,23548.261,23548.328,8,0.910,0.507,0.549,-0.582,0.435,0.500,0.750,0,overlapping-volley
flona02-20250915T1601-1_pulses,line_site_2_3,239,23548.633,23548.753,13,0.819,0.606,0.775,-0.803,0.439,0.385,0.600,0,overlapping-volley
flona02-20250915T1601-1_pulses,line_site_2_3,241,23548.848,23548.905,8,0.834,0.222,0.234,-0.816,0.317,0.250,1.000,0,overlapping-volley
flona02-20250915T1601-1_pulses,line_site_2_3,242,23918.612,23918.678,13,0.830,0.527,0.676,-0.777,0.421,0.154,0.500,0,overlapping-volley
flona02-20250915T1601-1_pulses,line_site_2_3,243,23918.752,23918.959,24,0.826,1.148,1.386,-0.335,0.705,0.042,1.000,0,overlapping-volley
flona02-20250915T1601-1_pulses,line_site_2_3,244,23918.991,23919.091,13,0.847,1.195,1.406,-0.621,0.288,0.308,0.750,0,overlapping-volley
flona02-20250915T1601-1_pulses,line_site_2_3,245,23919.131,23919.210,13,0.897,0.322,0.328,-0.671,0.454,0.154,1.000,0,"interleaved-2nd-cluster(sil=0.45,min=0.15,il=1.00);overlapping-volley"
flona02-20250915T1601-1_pulses,line_site_2_3,246,23919.254,23919.367,13,0.915,0.489,0.512,-0.621,0.236,0.308,0.750,0,overlapping-volley
flona02-20250915T1601-1_pulses,line_site_2_3,252,24684.395,24684.503,12,0.763,0.513,0.518,-0.167,0.269,0.417,0.600,0,overlapping-volley
flona02-20250915T1601-1_pulses,line_site_2_3,257,24845.364,24845.443,9,0.793,0.833,0.861,-0.084,0.593,0.111,1.000,0,"interleaved-2nd-cluster(sil=0.59,min=0.11,il=1.00)"
flona02-20250915T1601-1_pulses,line_site_2_3,260,24880.451,24880.528,8,0.872,1.207,1.318,-0.555,0.422,0.250,1.000,0,overlapping-volley
flona02-20250915T1601-1_pulses,line_site_2_3,267,25220.535,25220.737,14,0.848,0.558,0.649,-0.074,0.441,0.071,1.000,2,overlapping-volley
flona02-20250915T1601-1_pulses,line_site_2_3,274,25223.100,25223.200,9,0.865,1.243,1.326,-0.737,0.282,0.444,0.750,0,overlapping-volley
flona02-20250915T1601-1_pulses,line_site_2_3,279,25869.868,25869.950,22,0.776,1.244,1.406,-0.488,0.499,0.182,0.750,0,"interleaved-2nd-cluster(sil=0.50,min=0.18,il=0.75);overlapping-volley"
flona02-20250915T1601-1_pulses,line_site_2_3,288,27147.802,27147.892,20,0.804,0.722,0.848,-0.421,0.624,0.400,0.375,2,overlapping-volley
flona02-20250915T1601-1_pulses,line_site_2_3,292,27218.714,27218.742,9,0.670,0.507,0.554,-0.436,0.262,0.333,0.667,1,overlapping-volley
flona02-20250915T1601-1_pulses,line_site_2_3,295,27219.026,27219.124,12,0.900,0.728,0.998,-0.531,0.514,0.250,0.667,1,"interleaved-2nd-cluster(sil=0.51,min=0.25,il=0.67);overlapping-volley"
flona02-20250915T1601-1_pulses,line_site_2_3,296,27311.872,27311.969,16,0.796,1.236,1.400,-0.287,0.482,0.250,0.750,2,"interleaved-2nd-cluster(sil=0.48,min=0.25,il=0.75);overlapping-volley"
flona02-20250915T1601-1_pulses,line_site_2_3,298,27312.512,27312.548,10,0.807,1.089,1.194,-0.247,0.520,0.400,0.250,2,overlapping-volley
flona02-20250915T1601-1_pulses,line_site_2_3,299,27312.581,27312.683,11,0.916,0.373,0.384,-0.845,0.592,0.182,0.500,2,"interleaved-2nd-cluster(sil=0.59,min=0.18,il=0.50);overlapping-volley"
flona02-20250915T1601-1_pulses,line_site_2_3,303,27805.839,27805.861,8,0.854,0.233,0.260,-0.301,0.436,0.250,0.500,2,overlapping-volley
flona02-20250915T1601-1_pulses,line_site_2_3,305,27806.036,27806.052,8,0.841,0.225,0.264,-0.264,0.344,0.375,0.667,2,overlapping-volley
flona02-20250915T1601-1_pulses,line_site_2_3,317,27806.854,27806.897,13,0.843,0.152,0.158,-0.132,0.247,0.462,0.500,2,overlapping-volley
flona02-20250915T1601-1_pulses,line_site_2_3,319,27807.435,27807.458,8,0.807,0.749,0.780,-0.138,0.339,0.500,0.250,2,overlapping-volley
flona02-20250915T1601-1_pulses,line_site_2_3,323,30274.720,30274.744,9,0.802,0.610,0.728,-0.570,0.549,0.222,0.500,0,"interleaved-2nd-cluster(sil=0.55,min=0.22,il=0.50)"
flona02-20250915T1601-1_pulses,line_site_2_3,343,35802.499,35802.521,8,0.778,0.918,0.968,-0.738,0.482,0.250,1.000,1,"interleaved-2nd-cluster(sil=0.48,min=0.25,il=1.00);overlapping-volley"
flona02-20250915T1601-1_pulses,line_site_2_3,349,36313.838,36313.932,15,0.789,0.970,1.114,-0.398,0.295,0.267,0.750,0,overlapping-volley
flona02-20250915T1601-1_pulses,line_site_2_3,353,36948.497,36948.588,22,0.759,0.792,0.854,-0.304,0.831,0.091,0.500,0,"interleaved-2nd-cluster(sil=0.83,min=0.09,il=0.50)"
flona02-20250915T1601-1_pulses,line_site_2_3,356,37928.986,37929.028,10,0.786,1.276,1.318,-0.702,0.728,0.200,0.500,0,"interleaved-2nd-cluster(sil=0.73,min=0.20,il=0.50)"
flona02-20250915T1601-1_pulses,line_site_2_3,367,39497.363,39497.432,8,0.768,0.720,0.776,-0.478,0.585,0.125,1.000,1,"interleaved-2nd-cluster(sil=0.59,min=0.12,il=1.00);overlapping-volley"
flona02-20250915T1601-1_pulses,line_site_2_3,370,39498.739,39499.044,47,0.788,0.881,1.049,-0.001,0.752,0.021,1.000,1,overlapping-volley
flona02-20250915T1601-1_pulses,line_site_2_3,372,39957.904,39958.000,16,0.897,0.829,0.863,-0.465,0.610,0.188,0.667,0,"interleaved-2nd-cluster(sil=0.61,min=0.19,il=0.67);overlapping-volley"
flona02-20250915T1601-1_pulses,line_site_2_3,373,39958.073,39958.126,8,0.862,0.820,0.849,0.058,0.431,0.375,0.667,0,overlapping-volley
flona02-20250915T1601-1_pulses,line_site_2_3,374,41234.138,41234.494,47,0.892,0.690,1.035,-0.179,0.476,0.383,0.111,0,overlapping-volley
flona02-20250915T1601-1_pulses,line_site_2_3,380,42491.090,42491.133,11,0.765,1.179,1.383,-0.621,0.318,0.364,0.500,0,overlapping-volley
flona02-20250915T1601-1_pulses,line_site_2_3,381,42491.271,42491.299,12,0.726,0.822,0.961,-0.257,0.287,0.417,0.400,0,overlapping-volley
flona02-20250915T1601-1_pulses,line_site_2_3,383,43208.755,43208.793,8,0.697,1.309,1.314,-0.190,0.288,0.375,0.333,1,overlapping-volley
flona02-20250915T1601-1_pulses,line_site_2_3,384,43208.878,43208.931,12,0.833,0.871,0.882,-0.329,0.319,0.417,0.400,1,overlapping-volley
flona02-20250915T1601-1_pulses,line_site_2_3,385,43209.028,43209.478,48,0.842,0.777,0.873,-0.023,0.357,0.479,0.522,1,overlapping-volley
flona02-20250915T1601-1_pulses,line_site_2_3,388,44080.875,44081.193,47,0.827,0.899,1.025,-0.157,0.603,0.106,0.800,0,"interleaved-2nd-cluster(sil=0.60,min=0.11,il=0.80);overlapping-volley"
flona02-20250915T1601-1_pulses,line_site_2_3,393,44212.940,44213.039,22,0.832,0.637,0.769,-0.488,0.447,0.364,0.500,0,overlapping-volley
flona02-20250915T1601-1_pulses,line_site_2_3,396,44761.471,44761.813,32,0.878,0.889,1.024,-0.550,0.513,0.125,1.000,0,"interleaved-2nd-cluster(sil=0.51,min=0.12,il=1.00);overlapping-volley"
flona02-20250915T1601-1_pulses,line_site_2_3,399,45475.283,45475.324,10,0.570,0.849,0.875,-0.574,0.465,0.400,0.750,0,"interleaved-2nd-cluster(sil=0.46,min=0.40,il=0.75)"
flona02-20250915T1601-1_pulses,line_site_2_3,409,47193.980,47194.606,77,0.862,0.720,1.353,-0.133,0.526,0.468,0.083,0,overlapping-volley
flona02-20250915T1601-1_pulses,line_site_2_3,411,47194.914,47195.035,14,0.837,0.260,0.280,-0.652,0.639,0.214,0.667,0,"interleaved-2nd-cluster(sil=0.64,min=0.21,il=0.67);overlapping-volley"
flona02-20250915T1601-1_pulses,line_site_2_3,413,47195.241,47195.364,10,0.931,0.565,0.703,-0.217,0.562,0.200,0.500,0,"interleaved-2nd-cluster(sil=0.56,min=0.20,il=0.50);overlapping-volley"
flona02-20250915T1601-1_pulses,line_site_2_3,419,50335.065,50335.427,50,0.886,0.807,1.040,-0.152,0.685,0.080,0.500,0,"interleaved-2nd-cluster(sil=0.68,min=0.08,il=0.50);overlapping-volley"
flona02-20250915T1601-1_pulses,line_site_2_3,422,50391.559,50392.085,76,0.911,0.476,0.885,-0.053,0.525,0.395,0.100,0,overlapping-volley
flona02-20250915T1601-1_pulses,line_site_2_3,423,50392.114,50392.444,39,0.863,0.911,1.188,-0.100,0.500,0.205,0.875,0,"interleaved-2nd-cluster(sil=0.50,min=0.21,il=0.88);overlapping-volley"
flona02-20250915T1601-1_pulses,line_site_2_3,424,50392.548,50392.616,17,0.632,0.970,1.025,-0.367,0.658,0.235,0.500,0,"interleaved-2nd-cluster(sil=0.66,min=0.24,il=0.50);overlapping-volley"
flona02-20250915T1601-1_pulses,line_site_2_3,425,50392.658,50392.757,10,0.831,1.293,1.412,-0.727,0.592,0.100,1.000,0,"interleaved-2nd-cluster(sil=0.59,min=0.10,il=1.00);overlapping-volley"
flona02-20250915T1601-1_pulses,line_site_2_3,427,50392.949,50393.066,11,0.861,0.870,1.091,-0.715,0.664,0.273,1.000,0,"interleaved-2nd-cluster(sil=0.66,min=0.27,il=1.00);overlapping-volley"
flona02-20250915T1601-1_pulses,line_site_2_3,432,50394.083,50394.197,14,0.804,0.681,0.728,-0.020,0.698,0.143,1.000,0,"interleaved-2nd-cluster(sil=0.70,min=0.14,il=1.00);overlapping-volley"
flona02-20250915T1601-1_pulses,line_site_2_3,433,50394.343,50394.465,12,0.773,0.680,0.909,-0.421,0.790,0.083,1.000,0,"interleaved-2nd-cluster(sil=0.79,min=0.08,il=1.00);overlapping-volley"
flona02-20250915T1601-1_pulses,line_site_2_3,435,51511.119,51511.340,44,0.714,0.849,1.168,-0.295,0.606,0.182,0.750,0,"interleaved-2nd-cluster(sil=0.61,min=0.18,il=0.75)"
flona02-20250915T1601-1_pulses,line_site_2_3,437,52309.079,52309.172,13,0.819,0.743,0.917,-0.775,0.530,0.231,0.667,0,"interleaved-2nd-cluster(sil=0.53,min=0.23,il=0.67)"
flona02-20250915T1601-1_pulses,line_site_2_3,439,52701.350,52701.421,8,0.877,1.280,1.317,-0.598,0.431,0.125,1.000,0,overlapping-volley
flona02-20250915T1601-1_pulses,line_site_2_3,441,53769.748,53769.926,26,0.862,0.730,0.747,-0.235,0.662,0.269,0.714,0,"interleaved-2nd-cluster(sil=0.66,min=0.27,il=0.71);overlapping-volley"
flona02-20250915T1601-1_pulses,line_site_2_3,444,54146.729,54147.323,83,0.834,0.797,1.108,0.103,0.569,0.277,0.130,0,overlapping-volley
flona02-20250915T1601-1_pulses,line_site_2_3,445,54147.355,54147.497,13,0.851,0.775,0.981,-0.301,0.640,0.154,0.500,0,"interleaved-2nd-cluster(sil=0.64,min=0.15,il=0.50);overlapping-volley"
flona02-20250915T1601-1_pulses,line_site_2_3,452,54148.531,54148.690,12,0.791,0.721,0.758,-0.711,0.664,0.083,1.000,0,"interleaved-2nd-cluster(sil=0.66,min=0.08,il=1.00);overlapping-volley"
flona02-20250915T1601-1_pulses,line_site_2_3,453,54148.721,54148.828,8,0.850,0.606,0.647,-0.375,0.612,0.375,0.667,0,"interleaved-2nd-cluster(sil=0.61,min=0.38,il=0.67);overlapping-volley"
flona02-20250915T1601-1_pulses,line_site_2_3,456,54149.487,54149.872,40,0.816,0.895,1.115,-0.174,0.528,0.400,0.188,0,overlapping-volley
flona02-20250915T1601-1_pulses,line_site_2_3,466,54799.926,54799.986,14,0.784,0.794,0.802,-0.416,0.754,0.214,1.000,0,"interleaved-2nd-cluster(sil=0.75,min=0.21,il=1.00);overlapping-volley"
flona02-20250915T1601-1_pulses,line_site_2_3,469,55141.376,55141.999,87,0.874,0.816,1.279,0.126,0.369,0.448,0.308,0,overlapping-volley
flona02-20250915T1601-1_pulses,line_site_2_3,472,55142.560,55142.679,11,0.640,0.581,0.700,-0.172,0.621,0.182,1.000,0,"interleaved-2nd-cluster(sil=0.62,min=0.18,il=1.00);overlapping-volley"
flona02-20250915T1601-1_pulses,line_site_2_3,479,55964.228,55964.409,24,0.200,0.682,1.177,-0.589,0.797,0.042,1.000,0,overlapping-volley
flona02-20250915T1601-1_pulses,line_site_2_3,480,55964.629,55964.828,23,0.771,0.618,0.688,-0.689,0.804,0.043,1.000,0,overlapping-volley
flona02-20250915T1601-1_pulses,line_site_2_3,483,55965.552,55965.746,19,0.733,0.976,1.096,-0.445,0.723,0.053,1.000,0,overlapping-volley
flona02-20250915T1601-1_pulses,line_site_2_3,485,55965.936,55966.089,14,0.757,0.902,0.999,-0.622,0.570,0.071,1.000,0,overlapping-volley
flona02-20250915T1601-1_pulses,line_site_2_3,492,56426.044,56426.196,23,0.851,0.771,0.851,-0.706,0.656,0.087,1.000,0,"interleaved-2nd-cluster(sil=0.66,min=0.09,il=1.00)"
flona02-20250915T1601-1_pulses,line_site_2_3,493,56434.122,56434.241,17,0.774,0.563,0.872,-0.623,0.518,0.176,0.667,0,"interleaved-2nd-cluster(sil=0.52,min=0.18,il=0.67)"
flona02-20250915T1601-1_pulses,line_site_2_3,494,57348.974,57349.167,31,0.866,0.293,0.357,-0.227,0.616,0.419,0.077,0,overlapping-volley
flona02-20250915T1601-1_pulses,line_site_2_3,499,57570.908,57570.947,9,0.701,1.441,1.443,-0.577,0.348,0.333,0.333,0,overlapping-volley
flona02-20250915T1601-1_pulses,line_site_2_3,500,57571.044,57571.301,27,0.853,1.049,1.364,-0.476,0.552,0.148,1.000,0,"interleaved-2nd-cluster(sil=0.55,min=0.15,il=1.00);overlapping-volley"
flona02-20250915T1601-1_pulses,line_site_2_3,507,57579.453,57579.473,9,0.699,0.405,0.469,-0.164,0.332,0.333,0.333,0,overlapping-volley
flona02-20250915T1601-1_pulses,line_site_2_3,509,57579.636,57579.665,8,0.788,1.192,1.271,-0.302,0.696,0.250,0.500,0,"interleaved-2nd-cluster(sil=0.70,min=0.25,il=0.50);overlapping-volley"
flona02-20250915T1601-1_pulses,line_site_2_3,510,57585.279,57585.300,8,0.779,0.674,0.830,-0.869,0.470,0.375,0.667,0,"interleaved-2nd-cluster(sil=0.47,min=0.38,il=0.67);overlapping-volley"
flona02-20250915T1601-1_pulses,line_site_2_3,515,57880.093,57880.317,21,0.863,1.472,1.547,-0.807,0.235,0.429,0.778,0,overlapping-volley
flona02-20250915T1601-1_pulses,line_site_2_3,518,58418.015,58418.188,26,0.757,1.317,1.361,-0.379,0.598,0.500,0.538,2,"interleaved-2nd-cluster(sil=0.60,min=0.50,il=0.54);overlapping-volley"
flona02-20250915T1601-1_pulses,line_site_2_3,520,58418.881,58418.918,9,0.851,1.136,1.268,-0.232,0.379,0.333,0.333,2,overlapping-volley
flona02-20250915T1601-1_pulses,line_site_2_3,521,58419.122,58419.625,79,0.856,0.577,0.742,0.187,0.725,0.367,0.034,2,overlapping-volley
flona02-20250915T1601-1_pulses,line_site_2_3,522,58419.652,58420.098,37,0.891,0.596,1.215,0.151,0.420,0.351,0.154,2,overlapping-volley
flona02-20250915T1601-1_pulses,line_site_2_3,525,58420.327,58420.601,20,0.850,0.304,0.388,-0.586,0.587,0.350,0.143,1,overlapping-volley
flona02-20250915T1601-1_pulses,line_site_2_3,527,58423.324,58423.405,16,0.777,1.290,1.553,-0.555,0.801,0.125,0.500,1,"interleaved-2nd-cluster(sil=0.80,min=0.12,il=0.50);overlapping-volley"
flona02-20250915T1601-1_pulses,line_site_2_3,528,58423.442,58423.566,14,0.959,0.907,1.209,-0.027,0.825,0.143,0.500,1,"interleaved-2nd-cluster(sil=0.82,min=0.14,il=0.50);overlapping-volley"
flona02-20250915T1601-1_pulses,line_site_2_3,529,58423.984,58424.097,21,0.888,1.628,1.725,-0.840,0.350,0.238,0.600,1,overlapping-volley
flona02-20250915T1601-1_pulses,line_site_2_3,531,58424.412,58424.502,16,0.824,1.186,1.194,-0.502,0.516,0.188,0.333,1,overlapping-volley
flona02-20250915T1601-1_pulses,line_site_2_3,532,58424.539,58424.718,19,0.922,1.144,1.434,-0.496,0.628,0.053,1.000,1,overlapping-volley
flona02-20250915T1601-1_pulses,line_site_2_3,533,58424.991,58425.127,35,0.839,0.402,0.847,-0.038,0.520,0.200,0.571,1,"interleaved-2nd-cluster(sil=0.52,min=0.20,il=0.57);overlapping-volley"
flona02-20250915T1601-1_pulses,line_site_2_3,534,58425.169,58425.442,40,0.841,0.791,0.941,-0.083,0.644,0.050,0.500,1,overlapping-volley
flona02-20250915T1601-1_pulses,line_site_2_3,535,58425.468,58425.789,51,0.836,0.557,0.706,0.153,0.520,0.471,0.083,1,overlapping-volley
flona02-20250915T1601-1_pulses,line_site_2_3,536,58425.826,58426.236,42,0.818,0.926,1.025,0.167,0.528,0.452,0.053,0,overlapping-volley
flona02-20250915T1601-1_pulses,line_site_2_3,538,58426.398,58426.445,10,0.819,0.474,0.482,0.065,0.540,0.100,1.000,0,"interleaved-2nd-cluster(sil=0.54,min=0.10,il=1.00);overlapping-volley"
flona02-20250915T1601-1_pulses,line_site_2_3,539,58426.479,58429.203,442,0.848,0.570,1.366,0.561,0.848,0.265,0.009,0,overlapping-volley
flona02-20250915T1601-1_pulses,line_site_2_3,540,58429.231,58429.826,33,0.200,0.569,0.712,-0.335,0.640,0.424,0.071,1,overlapping-volley
flona02-20250915T1601-1_pulses,line_site_2_3,541,58429.909,58430.079,18,0.770,1.036,1.074,-0.532,0.530,0.500,0.111,1,overlapping-volley
flona02-20250915T1601-1_pulses,line_site_2_3,543,58430.150,58430.265,8,0.200,0.398,0.399,0.010,0.719,0.125,1.000,1,"interleaved-2nd-cluster(sil=0.72,min=0.12,il=1.00);overlapping-volley"
flona02-20250915T1601-1_pulses,line_site_2_3,546,58430.542,58430.652,17,0.746,0.741,0.748,-0.272,0.401,0.294,0.800,1,overlapping-volley
flona02-20250915T1601-1_pulses,line_site_2_3,547,58430.686,58430.803,12,0.810,0.880,0.944,-0.138,0.758,0.083,1.000,1,"interleaved-2nd-cluster(sil=0.76,min=0.08,il=1.00);overlapping-volley"
flona02-20250915T1601-1_pulses,line_site_2_3,552,58431.152,58431.265,16,0.795,0.950,0.991,-0.258,0.325,0.438,0.429,1,overlapping-volley
flona02-20250915T1601-1_pulses,line_site_2_3,554,58431.346,58431.459,8,0.200,0.821,0.871,-0.418,0.526,0.500,0.250,1,overlapping-volley
flona02-20250915T1601-1_pulses,line_site_2_3,556,58431.593,58431.642,10,0.869,0.246,0.337,-0.725,0.289,0.400,0.500,1,overlapping-volley
flona02-20250915T1601-1_pulses,line_site_2_3,557,58431.802,58431.890,15,0.829,0.798,0.982,-0.104,0.324,0.400,0.500,2,overlapping-volley
flona02-20250915T1601-1_pulses,line_site_2_3,559,58431.989,58432.095,8,0.615,0.778,0.827,-0.637,0.339,0.500,0.250,2,overlapping-volley
flona02-20250915T1601-1_pulses,line_site_2_3,560,58432.213,58432.324,17,0.870,0.501,0.544,-0.677,0.478,0.412,0.143,2,overlapping-volley
flona02-20250915T1601-1_pulses,line_site_2_3,563,58432.638,58432.722,10,0.848,0.743,0.781,-0.579,0.596,0.200,0.500,2,"interleaved-2nd-cluster(sil=0.60,min=0.20,il=0.50);overlapping-volley"
flona02-20250915T1601-1_pulses,line_site_2_3,564,58432.757,58432.885,18,0.750,0.637,0.843,-0.430,0.547,0.500,0.111,2,overlapping-volley
flona02-20250915T1601-1_pulses,line_site_2_3,565,58432.918,58433.045,9,0.776,1.001,1.056,-0.740,0.527,0.333,0.333,2,overlapping-volley
flona02-20250915T1601-1_pulses,line_site_2_3,567,58433.243,58433.328,10,0.719,0.936,0.973,-0.313,0.627,0.100,1.000,2,"interleaved-2nd-cluster(sil=0.63,min=0.10,il=1.00);overlapping-volley"
flona02-20250915T1601-1_pulses,line_site_2_3,569,58433.588,58433.867,35,0.864,0.618,1.150,-0.032,0.488,0.286,0.100,2,overlapping-volley
flona02-20250915T1601-1_pulses,line_site_2_3,570,58433.874,58434.667,79,0.846,0.142,0.645,0.084,0.618,0.241,0.105,1,overlapping-volley
flona02-20250915T1601-1_pulses,line_site_2_3,571,58434.926,58434.975,8,0.796,0.336,0.359,-0.790,0.607,0.375,0.333,1,overlapping-volley
flona02-20250915T1601-1_pulses,line_site_2_3,577,58436.214,58437.442,78,0.868,0.338,0.802,0.301,0.590,0.372,0.103,1,overlapping-volley
flona02-20250915T1601-1_pulses,line_site_2_3,578,58437.467,58439.080,99,0.892,0.425,1.048,0.108,0.726,0.212,0.095,1,overlapping-volley
flona02-20250915T1601-1_pulses,line_site_2_3,579,58439.176,58439.531,22,0.805,0.253,0.284,-0.286,0.600,0.364,0.125,1,overlapping-volley
flona02-20250915T1601-1_pulses,line_site_2_3,581,58439.813,58440.322,30,0.841,0.574,0.643,-0.348,0.444,0.433,0.385,1,overlapping-volley
flona02-20250915T1601-1_pulses,line_site_2_3,582,58440.396,58440.970,35,0.747,0.798,1.066,-0.007,0.421,0.429,0.467,1,overlapping-volley
flona02-20250915T1601-1_pulses,line_site_2_3,583,59712.029,59712.463,68,0.845,0.630,0.887,0.290,0.439,0.456,0.226,0,overlapping-volley
flona02-20250915T1601-1_pulses,line_site_2_3,592,59713.776,59714.026,22,0.833,0.762,1.058,-0.358,0.905,0.136,1.000,0,"interleaved-2nd-cluster(sil=0.90,min=0.14,il=1.00);overlapping-volley"
flona02-20250915T1601-1_pulses,line_site_2_3,593,59714.065,59714.218,13,0.919,0.391,0.463,-0.640,0.631,0.077,1.000,0,overlapping-volley
flona02-20250915T1601-1_pulses,line_site_2_3,596,59714.540,59714.641,8,0.705,0.513,0.519,-0.201,0.504,0.375,1.000,0,"interleaved-2nd-cluster(sil=0.50,min=0.38,il=1.00);overlapping-volley"
flona02-20250915T1601-1_pulses,line_site_2_3,609,60652.984,60653.075,18,0.778,0.569,0.661,-0.614,0.912,0.111,0.500,0,"interleaved-2nd-cluster(sil=0.91,min=0.11,il=0.50);overlapping-volley"
flona02-20250915T1601-1_pulses,line_site_2_3,611,60653.448,60653.587,13,0.803,0.779,0.910,-0.768,0.701,0.077,1.000,0,overlapping-volley
flona02-20250915T1601-1_pulses,line_site_2_3,614,61254.370,61254.782,64,0.860,0.976,1.143,-0.176,0.655,0.344,0.045,0,overlapping-volley
flona02-20250915T1601-1_pulses,line_site_2_3,618,62413.865,62413.971,12,0.851,1.308,1.458,-0.717,0.302,0.500,0.333,0,overlapping-volley
flona02-20250915T1601-1_pulses,line_site_2_3,619,62414.049,62414.233,20,0.840,0.544,0.947,-0.391,0.864,0.050,1.000,0,overlapping-volley
flona02-20250915T1601-1_pulses,line_site_2_3,620,63993.236,63993.364,19,0.870,0.370,0.442,-0.692,0.388,0.421,0.500,0,overlapping-volley
flona02-20250915T1601-1_pulses,line_site_2_3,625,65599.920,65600.048,16,0.851,0.472,0.486,-0.475,0.351,0.188,0.667,0,overlapping-volley
flona02-20250915T1601-1_pulses,line_site_2_3,626,65600.081,65600.437,28,0.838,0.738,0.753,-0.586,0.518,0.107,1.000,0,"interleaved-2nd-cluster(sil=0.52,min=0.11,il=1.00);overlapping-volley"
flona02-20250915T1601-1_pulses,line_site_2_3,632,72599.895,72599.954,17,0.716,0.767,1.009,-0.487,0.486,0.353,0.167,0,overlapping-volley
flona02-20250915T1601-1_pulses,line_site_2_3,634,72637.428,72637.473,8,0.933,1.117,1.223,-0.055,0.493,0.125,1.000,0,"interleaved-2nd-cluster(sil=0.49,min=0.12,il=1.00);overlapping-volley"
flona02-20250915T1601-1_pulses,line_site_2_3,646,78102.337,78102.409,9,0.815,1.149,1.204,-0.692,0.626,0.111,1.000,0,"interleaved-2nd-cluster(sil=0.63,min=0.11,il=1.00);overlapping-volley"
flona02-20250915T1601-1_pulses,line_site_2_3,664,78135.807,78135.976,13,0.739,0.776,0.810,-0.811,0.249,0.385,0.400,1,overlapping-volley
flona02-20250915T1601-1_pulses,line_site_2_3,668,79154.494,79154.568,12,0.796,0.593,0.644,-0.597,0.903,0.167,0.500,0,"interleaved-2nd-cluster(sil=0.90,min=0.17,il=0.50);overlapping-volley"
flona02-20250915T1601-1_pulses,line_site_2_3,669,79154.758,79155.190,50,0.785,1.040,1.190,-0.232,0.544,0.160,0.875,0,"interleaved-2nd-cluster(sil=0.54,min=0.16,il=0.88);overlapping-volley"
flona02-20250915T1601-1_pulses,line_site_2_3,670,79155.223,79155.339,11,0.684,0.706,0.846,-0.174,0.703,0.091,1.000,0,"interleaved-2nd-cluster(sil=0.70,min=0.09,il=1.00);overlapping-volley"
flona02-20250915T1601-1_pulses,line_site_2_3,672,79155.414,79155.521,11,0.788,0.387,0.416,-0.506,0.625,0.364,1.000,0,"interleaved-2nd-cluster(sil=0.63,min=0.36,il=1.00);overlapping-volley"
flona02-20250915T1601-1_pulses,line_site_2_3,673,79155.664,79155.977,26,0.792,0.787,1.077,-0.260,0.685,0.077,1.000,0,overlapping-volley
flona02-20250915T1601-1_pulses,line_site_2_3,674,79156.032,79156.284,23,0.557,0.540,0.669,-0.613,0.700,0.087,1.000,0,"interleaved-2nd-cluster(sil=0.70,min=0.09,il=1.00);overlapping-volley"
flona02-20250915T1601-1_pulses,line_site_2_3,675,79156.331,79156.401,8,0.877,0.873,1.048,-0.942,0.685,0.125,1.000,0,"interleaved-2nd-cluster(sil=0.69,min=0.12,il=1.00);overlapping-volley"
flona02-20250915T1601-1_pulses,line_site_2_3,676,79156.431,79156.592,12,0.864,0.551,0.582,-0.551,0.500,0.333,1.000,0,"interleaved-2nd-cluster(sil=0.50,min=0.33,il=1.00);overlapping-volley"
flona02-20250915T1601-1_pulses,line_site_2_3,684,79157.284,79157.486,17,0.893,0.494,0.660,-0.109,0.519,0.235,1.000,0,"interleaved-2nd-cluster(sil=0.52,min=0.24,il=1.00);overlapping-volley"
flona02-20250915T1601-1_pulses,line_site_2_3,688,79158.038,79158.151,10,0.847,0.725,0.933,-0.764,0.669,0.200,1.000,0,"interleaved-2nd-cluster(sil=0.67,min=0.20,il=1.00);overlapping-volley"
flona02-20250915T1601-1_pulses,line_site_2_3,703,79161.563,79161.671,9,0.685,0.269,0.276,-0.744,0.540,0.333,0.667,0,"interleaved-2nd-cluster(sil=0.54,min=0.33,il=0.67);overlapping-volley"
flona02-20250915T1601-1_pulses,line_site_2_3,707,79188.466,79188.601,14,0.793,0.990,1.027,-0.416,0.536,0.214,0.667,0,"interleaved-2nd-cluster(sil=0.54,min=0.21,il=0.67);overlapping-volley"
flona02-20250915T1601-1_pulses,line_site_2_3,709,79188.756,79188.849,8,0.884,0.342,0.349,-0.736,0.564,0.250,0.500,0,"interleaved-2nd-cluster(sil=0.56,min=0.25,il=0.50);overlapping-volley"
flona02-20250915T1601-1_pulses,line_site_2_3,711,80417.774,80418.143,57,0.867,0.649,0.965,0.036,0.627,0.246,0.643,0,"interleaved-2nd-cluster(sil=0.63,min=0.25,il=0.64);overlapping-volley"
flona02-20250915T1601-1_pulses,line_site_2_3,712,80418.183,80418.368,14,0.791,0.798,0.926,-0.669,0.370,0.286,1.000,0,overlapping-volley
flona02-20250915T1601-1_pulses,line_site_2_3,713,80418.401,80418.482,9,0.904,0.494,0.587,-0.380,0.565,0.222,1.000,0,"interleaved-2nd-cluster(sil=0.56,min=0.22,il=1.00);overlapping-volley"
flona02-20250915T1601-1_pulses,line_site_2_3,714,80418.765,80418.907,14,0.832,1.008,1.247,-0.617,0.526,0.143,1.000,0,"interleaved-2nd-cluster(sil=0.53,min=0.14,il=1.00);overlapping-volley"
flona02-20250915T1601-1_pulses,line_site_2_3,728,83890.158,83890.213,8,0.814,1.577,1.587,-0.881,0.356,0.375,0.667,0,overlapping-volley
flona02-20250915T1601-1_pulses,line_site_2_3,735,85993.853,85993.923,9,0.785,0.899,1.007,-0.467,0.604,0.222,0.500,0,"interleaved-2nd-cluster(sil=0.60,min=0.22,il=0.50)"
flona02-20250915T1601-1_pulses,line_site_2_3,736,86768.303,86768.340,9,0.786,0.867,0.963,-0.719,0.680,0.111,1.000,0,"interleaved-2nd-cluster(sil=0.68,min=0.11,il=1.00)"
flona02-20250915T1601-1_pulses,line_site_2_3,738,88262.123,88262.265,15,0.713,0.705,0.711,-0.325,0.703,0.133,1.000,0,"interleaved-2nd-cluster(sil=0.70,min=0.13,il=1.00)"
flona02-20250915T1601-1_pulses,line_site_2_3,739,90251.099,90251.115,8,0.761,0.249,0.271,-0.485,0.697,0.250,0.500,0,"interleaved-2nd-cluster(sil=0.70,min=0.25,il=0.50)"
flona02-20250915T1601-1_pulses,line_site_2_3,740,91176.660,91176.857,23,0.859,1.098,1.173,-0.161,0.524,0.174,0.750,0,"interleaved-2nd-cluster(sil=0.52,min=0.17,il=0.75);overlapping-volley"
flona02-20250915T1601-1_pulses,line_site_2_3,745,92429.603,92429.652,13,0.769,1.169,1.316,-0.663,0.676,0.154,1.000,0,"interleaved-2nd-cluster(sil=0.68,min=0.15,il=1.00)"
flona02-20250915T1601-1_pulses,line_site_2_3,746,94363.154,94363.337,25,0.888,0.762,1.092,-0.466,0.842,0.120,1.000,0,"interleaved-2nd-cluster(sil=0.84,min=0.12,il=1.00)"
flona02-20250915T1601-1_pulses,line_site_2_3,758,95249.438,95249.580,17,0.818,0.653,0.793,-0.219,0.382,0.412,0.286,0,overlapping-volley
flona02-20250915T1601-1_pulses,line_site_2_3,760,95260.759,95260.826,8,0.873,0.636,0.679,-0.317,0.754,0.125,1.000,0,"interleaved-2nd-cluster(sil=0.75,min=0.12,il=1.00)"
flona02-20250915T1601-1_pulses,line_site_2_3,761,95464.157,95464.181,8,0.877,0.498,0.512,-0.328,0.446,0.375,0.667,0,overlapping-volley
flona02-20250915T1601-1_pulses,line_site_2_3,768,97572.929,97573.002,14,0.817,1.118,1.394,-0.357,0.333,0.429,0.667,0,overlapping-volley
flona02-20250915T1601-1_pulses,line_site_2_3,780,98316.666,98316.791,20,0.833,0.821,0.978,-0.324,0.710,0.150,1.000,0,"interleaved-2nd-cluster(sil=0.71,min=0.15,il=1.00);overlapping-volley"
flona02-20250915T1601-1_pulses,line_site_2_3,781,98316.820,98316.898,9,0.779,1.183,1.247,-0.725,0.539,0.333,1.000,0,"interleaved-2nd-cluster(sil=0.54,min=0.33,il=1.00);overlapping-volley"
flona02-20250915T1601-1_pulses,line_site_2_3,784,98317.151,98317.255,10,0.817,0.783,0.823,-0.558,0.275,0.300,0.333,0,overlapping-volley
flona02-20250915T1601-1_pulses,line_site_2_3,785,98317.302,98317.366,8,0.883,0.429,0.466,0.189,0.525,0.250,1.000,0,"interleaved-2nd-cluster(sil=0.52,min=0.25,il=1.00);overlapping-volley"
flona02-20250915T1601-1_pulses,line_site_2_3,797,99046.985,99047.011,8,0.807,0.968,1.022,-0.248,0.476,0.125,1.000,0,"interleaved-2nd-cluster(sil=0.48,min=0.12,il=1.00)"
flona02-20250915T1601-1_pulses,line_site_2_3,799,99665.078,99665.098,9,0.676,0.861,1.020,-0.256,0.748,0.111,1.000,0,"interleaved-2nd-cluster(sil=0.75,min=0.11,il=1.00)"
flona02-20250915T1601-1_pulses,line_site_2_3,801,100153.140,100153.173,9,0.846,0.851,0.876,-0.258,0.321,0.333,0.333,0,overlapping-volley
flona02-20250915T1601-1_pulses,line_site_2_3,804,100153.433,100153.564,16,0.710,0.702,0.820,-0.401,0.534,0.438,0.714,0,"interleaved-2nd-cluster(sil=0.53,min=0.44,il=0.71);overlapping-volley"
flona02-20250915T1601-1_pulses,line_site_2_3,806,101625.655,101625.872,29,0.826,0.652,0.817,-0.555,0.317,0.345,0.700,0,overlapping-volley
flona02-20250915T1601-1_pulses,line_site_2_3,811,102206.008,102206.056,11,0.812,1.067,1.074,-0.462,0.407,0.455,0.600,0,overlapping-volley
flona02-20250915T1601-1_pulses,line_site_2_3,813,102319.987,102320.255,33,0.806,1.118,1.133,-0.453,0.532,0.182,0.667,0,"interleaved-2nd-cluster(sil=0.53,min=0.18,il=0.67);overlapping-volley"
flona02-20250915T1601-1_pulses,line_site_2_3,815,102320.734,102320.815,9,0.687,0.948,0.961,-0.738,0.454,0.111,1.000,0,"interleaved-2nd-cluster(sil=0.45,min=0.11,il=1.00);overlapping-volley"
flona02-20250915T1601-1_pulses,line_site_2_3,817,102320.888,102320.983,8,0.717,1.290,1.367,-0.781,0.595,0.250,0.500,0,"interleaved-2nd-cluster(sil=0.60,min=0.25,il=0.50);overlapping-volley"
flona02-20250915T1601-1_pulses,line_site_2_3,820,102321.231,102321.321,9,0.861,1.215,1.367,-0.478,0.604,0.111,1.000,0,"interleaved-2nd-cluster(sil=0.60,min=0.11,il=1.00);overlapping-volley"
flona02-20250915T1601-1_pulses,line_site_2_3,824,102321.804,102321.944,12,0.662,0.530,0.704,-0.094,0.248,0.333,0.750,0,overlapping-volley
flona02-20250915T1601-1_pulses,line_site_2_3,832,103189.974,103190.109,18,0.841,0.654,0.845,-0.544,0.438,0.278,0.400,0,overlapping-volley
flona02-20250915T1601-1_pulses,line_site_2_3,834,103405.323,103405.433,23,0.726,0.708,0.734,-0.596,0.816,0.087,1.000,1,"interleaved-2nd-cluster(sil=0.82,min=0.09,il=1.00)"
flona02-20250915T1601-1_pulses,line_site_2_3,836,103447.455,103447.540,11,0.830,0.711,0.831,-0.781,0.591,0.182,0.500,2,"interleaved-2nd-cluster(sil=0.59,min=0.18,il=0.50);overlapping-volley"
flona02-20250915T1601-1_pulses,line_site_2_3,847,103480.565,103480.795,31,0.839,0.547,0.737,-0.346,0.269,0.419,0.385,0,overlapping-volley
flona02-20250915T1601-1_pulses,line_site_2_3,848,103480.824,103480.961,14,0.827,0.539,0.570,-0.506,0.714,0.071,1.000,0,overlapping-volley
flona02-20250915T1601-1_pulses,line_site_2_3,850,103483.016,103483.104,12,0.930,0.621,0.663,0.001,0.367,0.167,1.000,1,overlapping-volley
flona02-20250915T1601-1_pulses,line_site_2_3,851,103483.141,103483.282,14,0.709,0.735,0.797,-0.428,0.362,0.500,0.429,1,overlapping-volley
flona02-20250915T1601-1_pulses,line_site_2_3,857,104133.034,104133.120,11,0.744,1.303,1.303,-0.674,0.338,0.091,1.000,0,overlapping-volley
flona02-20250915T1601-1_pulses,line_site_2_3,862,104705.958,104706.004,9,0.761,0.726,0.807,-0.830,0.459,0.333,1.000,0,"interleaved-2nd-cluster(sil=0.46,min=0.33,il=1.00);overlapping-volley"
flona02-20250915T1601-1_pulses,line_site_2_3,864,104706.092,104706.246,23,0.763,0.850,1.050,-0.234,0.341,0.217,1.000,0,overlapping-volley
flona02-20250915T1601-1_pulses,line_site_2_3,867,104706.603,104706.709,10,0.807,0.305,0.325,-0.172,0.242,0.300,0.667,0,overlapping-volley
flona02-20250915T1601-1_pulses,line_site_2_3,868,105640.436,105640.455,8,0.703,0.430,0.455,-0.043,0.623,0.250,0.500,0,"interleaved-2nd-cluster(sil=0.62,min=0.25,il=0.50)"
flona02-20250915T1601-1_pulses,line_site_2_3,869,106590.626,106590.659,13,0.759,0.729,1.414,0.128,0.668,0.077,1.000,0,overlapping-volley
flona02-20250915T1601-1_pulses,line_site_2_3,873,107328.134,107328.183,15,0.760,0.948,1.193,-0.462,0.381,0.400,0.333,0,overlapping-volley
flona02-20250915T1601-1_pulses,line_site_2_3,875,108041.114,108041.177,17,0.765,0.988,1.122,-0.780,0.480,0.294,0.400,1,overlapping-volley
flona02-20250915T1601-1_pulses,line_site_2_3,878,109119.966,109120.061,9,0.733,1.073,1.214,-0.840,0.470,0.444,0.750,0,"interleaved-2nd-cluster(sil=0.47,min=0.44,il=0.75);overlapping-volley"
flona02-20250915T1601-1_pulses,line_site_2_3,879,109453.542,109453.696,51,0.805,0.705,0.770,0.033,0.530,0.471,0.042,2,overlapping-volley
flona02-20250915T1601-1_pulses,line_site_2_3,883,110478.712,110478.729,10,0.774,0.121,0.129,-0.494,0.317,0.400,0.250,0,overlapping-volley
flona02-20250915T1601-1_pulses,line_site_2_3,887,112430.712,112430.728,8,0.771,0.215,0.224,-0.309,0.395,0.250,0.500,0,overlapping-volley
flona02-20250915T1601-1_pulses,line_site_2_3,889,112431.462,112431.483,9,0.773,0.808,0.821,-0.312,0.297,0.333,0.667,0,overlapping-volley
flona02-20250915T1601-1_pulses,line_site_2_3,890,113407.949,113408.117,30,0.786,1.335,1.400,-0.690,0.531,0.300,0.889,0,"interleaved-2nd-cluster(sil=0.53,min=0.30,il=0.89)"
flona02-20250915T1601-1_pulses,line_site_2_3,899,116101.405,116101.676,28,0.765,0.887,0.910,-0.488,0.332,0.393,0.636,0,overlapping-volley
flona02-20250915T1601-1_pulses,line_site_2_3,903,117135.519,117135.723,36,0.779,1.235,1.432,-0.284,0.485,0.361,0.077,0,overlapping-volley
flona02-20250915T1601-1_pulses,line_site_2_3,907,117136.777,117136.818,8,0.834,1.096,1.178,-0.684,0.508,0.125,1.000,0,"interleaved-2nd-cluster(sil=0.51,min=0.12,il=1.00);overlapping-volley"
flona02-20250915T1601-1_pulses,line_site_2_3,921,117399.317,117399.397,8,0.877,0.757,0.759,-0.263,0.274,0.375,0.667,0,overlapping-volley
flona02-20250915T1601-1_pulses,line_site_2_3,952,133584.540,133584.729,25,0.911,0.453,0.637,-0.063,0.605,0.400,0.500,0,"interleaved-2nd-cluster(sil=0.60,min=0.40,il=0.50)"
flona02-20250915T1601-1_pulses,line_site_2_3,958,135989.092,135989.193,25,0.774,0.561,0.872,-0.117,0.813,0.080,0.500,0,"interleaved-2nd-cluster(sil=0.81,min=0.08,il=0.50)"
flona02-20250915T1601-1_pulses,line_site_2_3,970,153320.514,153320.544,8,0.671,0.995,1.023,-0.580,0.604,0.125,1.000,0,"interleaved-2nd-cluster(sil=0.60,min=0.12,il=1.00);overlapping-volley"
flona02-20250915T1601-1_pulses,line_site_2_3,971,153320.761,153321.189,59,0.621,0.996,1.412,-0.091,0.608,0.305,0.056,0,overlapping-volley
flona02-20250915T1601-1_pulses,line_site_2_3,973,153321.559,153321.968,39,0.853,0.338,0.615,-0.251,0.527,0.410,0.188,0,overlapping-volley
flona02-20250917T1537-1_pulses,line_site_2_3,2,14217.310,14217.350,10,0.852,1.148,1.252,-0.548,0.459,0.300,0.667,0,"interleaved-2nd-cluster(sil=0.46,min=0.30,il=0.67)"
flona02-20250917T1537-1_pulses,line_site_2_3,4,18967.346,18967.417,8,0.896,1.502,1.546,-0.834,0.357,0.375,0.333,0,overlapping-volley
flona02-20250917T1537-1_pulses,line_site_2_3,8,19925.883,19926.043,13,0.782,1.039,1.142,-0.768,0.424,0.462,0.667,0,overlapping-volley
flona02-20250917T1537-1_pulses,line_site_2_3,11,20465.527,20465.643,12,0.887,0.811,0.837,-0.265,0.321,0.417,0.600,0,overlapping-volley
flona02-20250917T1537-1_pulses,line_site_2_3,12,20465.858,20466.012,10,0.740,0.392,0.402,-0.862,0.436,0.400,0.250,0,overlapping-volley
flona02-20250917T1537-1_pulses,line_site_2_3,13,20466.040,20466.406,32,0.845,0.467,0.619,-0.677,0.496,0.500,0.062,0,overlapping-volley
flona02-20250917T1537-1_pulses,line_site_2_3,35,33304.977,33305.019,8,0.797,1.514,1.517,-0.721,0.419,0.250,1.000,1,overlapping-volley
flona02-20250917T1537-1_pulses,line_site_2_3,36,33305.050,33305.113,9,0.936,1.331,1.407,-0.718,0.545,0.222,1.000,1,"interleaved-2nd-cluster(sil=0.54,min=0.22,il=1.00);overlapping-volley"
flona02-20250917T1537-1_pulses,line_site_2_3,41,42537.542,42537.621,13,0.807,1.053,1.298,-0.542,0.803,0.385,0.400,1,overlapping-volley
flona02-20250917T1537-1_pulses,line_site_2_3,50,44283.154,44283.193,8,0.802,1.388,1.461,-0.377,0.577,0.125,1.000,0,"interleaved-2nd-cluster(sil=0.58,min=0.12,il=1.00)"
flona02-20250917T1537-1_pulses,line_site_2_3,51,44420.724,44420.773,8,0.838,1.410,1.446,-0.756,0.519,0.125,1.000,0,"interleaved-2nd-cluster(sil=0.52,min=0.12,il=1.00);overlapping-volley"
flona02-20250917T1537-1_pulses,line_site_2_3,64,45073.172,45073.192,9,0.822,0.681,0.888,-0.702,0.417,0.444,0.500,0,overlapping-volley
flona02-20250917T1537-1_pulses,line_site_2_3,80,47824.396,47824.540,13,0.794,0.893,1.005,-0.615,0.467,0.385,0.800,0,"interleaved-2nd-cluster(sil=0.47,min=0.38,il=0.80);overlapping-volley"
flona02-20250917T1537-1_pulses,line_site_2_3,81,47824.568,47824.647,9,0.960,1.302,1.384,-0.454,0.456,0.111,1.000,0,"interleaved-2nd-cluster(sil=0.46,min=0.11,il=1.00);overlapping-volley"
flona02-20250917T1537-1_pulses,line_site_2_3,83,47990.215,47990.367,29,0.740,0.872,1.275,-0.385,0.512,0.069,1.000,0,overlapping-volley
flona02-20250917T1537-1_pulses,line_site_2_3,85,47992.180,47992.319,16,0.872,1.121,1.204,-0.356,0.620,0.125,0.500,0,"interleaved-2nd-cluster(sil=0.62,min=0.12,il=0.50);overlapping-volley"
flona02-20250917T1537-1_pulses,line_site_2_3,86,47992.361,47992.530,16,0.813,0.522,0.687,-0.533,0.534,0.188,1.000,0,"interleaved-2nd-cluster(sil=0.53,min=0.19,il=1.00);overlapping-volley"
flona02-20250917T1537-1_pulses,line_site_2_3,87,47992.759,47992.925,14,0.744,0.339,0.346,-0.734,0.418,0.143,1.000,0,overlapping-volley
flona02-20250917T1537-1_pulses,line_site_2_3,88,47992.968,47993.062,11,0.852,0.538,0.562,-0.070,0.383,0.182,1.000,0,overlapping-volley
flona02-20250917T1537-1_pulses,line_site_2_3,90,48445.703,48445.840,13,0.925,1.214,1.464,-0.134,0.566,0.154,1.000,3,"interleaved-2nd-cluster(sil=0.57,min=0.15,il=1.00);overlapping-volley"
flona02-20250917T1537-1_pulses,line_site_2_3,102,49027.271,49027.327,11,0.811,1.229,1.288,-0.344,0.494,0.182,0.500,0,"interleaved-2nd-cluster(sil=0.49,min=0.18,il=0.50)"
flona02-20250917T1537-1_pulses,line_site_2_3,109,50580.989,50581.045,11,0.750,0.800,0.938,-0.513,0.557,0.182,1.000,0,"interleaved-2nd-cluster(sil=0.56,min=0.18,il=1.00)"
flona02-20250917T1537-1_pulses,line_site_2_3,112,51264.698,51264.753,14,0.701,1.108,1.222,-0.802,0.605,0.071,1.000,2,overlapping-volley
flona02-20250917T1537-1_pulses,line_site_2_3,113,51264.715,51264.926,29,0.846,0.947,1.016,-0.443,0.753,0.310,0.444,2,overlapping-volley
flona02-20250917T1537-1_pulses,line_site_2_3,116,51486.111,51486.623,80,0.848,0.777,1.543,0.024,0.588,0.062,0.800,0,overlapping-volley
flona02-20250917T1537-1_pulses,line_site_2_3,117,51486.720,51487.161,38,0.900,0.782,0.851,-0.083,0.535,0.158,0.833,0,"interleaved-2nd-cluster(sil=0.53,min=0.16,il=0.83);overlapping-volley"
flona02-20250917T1537-1_pulses,line_site_2_3,119,52930.531,52930.565,11,0.827,0.827,0.868,-0.218,0.645,0.091,1.000,0,"interleaved-2nd-cluster(sil=0.64,min=0.09,il=1.00)"
flona02-20250917T1537-1_pulses,line_site_2_3,120,53142.241,53142.403,34,0.871,0.839,0.913,0.023,0.463,0.176,0.333,0,overlapping-volley
flona02-20250917T1537-1_pulses,line_site_2_3,122,53142.633,53142.948,41,0.855,0.936,1.551,-0.210,0.595,0.073,0.667,0,overlapping-volley
flona02-20250917T1537-1_pulses,line_site_2_3,126,53143.209,53143.508,33,0.854,0.968,1.462,-0.194,0.575,0.061,1.000,0,overlapping-volley
flona02-20250917T1537-1_pulses,line_site_2_3,142,54968.508,54968.676,29,0.846,0.558,0.606,-0.589,0.709,0.138,0.500,2,"interleaved-2nd-cluster(sil=0.71,min=0.14,il=0.50);overlapping-volley"
flona02-20250917T1537-1_pulses,line_site_2_3,145,55221.964,55222.170,36,0.788,0.944,1.090,-0.176,0.730,0.139,0.800,0,"interleaved-2nd-cluster(sil=0.73,min=0.14,il=0.80)"
flona02-20250917T1537-1_pulses,line_site_2_3,151,56865.533,56865.555,9,0.765,0.717,0.741,-0.211,0.448,0.222,0.500,0,overlapping-volley
flona02-20250917T1537-1_pulses,line_site_2_3,153,57278.392,57278.539,28,0.741,1.390,1.422,-0.603,0.667,0.357,0.100,0,overlapping-volley
flona02-20250917T1537-1_pulses,line_site_2_3,154,57278.574,57278.792,37,0.851,0.342,0.689,0.115,0.543,0.135,0.600,0,"interleaved-2nd-cluster(sil=0.54,min=0.14,il=0.60);overlapping-volley"
flona02-20250917T1537-1_pulses,line_site_2_3,158,57589.763,57590.000,30,0.856,0.935,1.053,-0.702,0.456,0.167,1.000,0,"interleaved-2nd-cluster(sil=0.46,min=0.17,il=1.00);overlapping-volley"
flona02-20250917T1537-1_pulses,line_site_2_3,159,57590.303,57590.389,9,0.897,1.118,1.309,-0.387,0.378,0.111,1.000,0,overlapping-volley
flona02-20250917T1537-1_pulses,line_site_2_3,163,60447.903,60447.991,20,0.783,0.758,0.995,-0.675,0.828,0.150,0.667,0,"interleaved-2nd-cluster(sil=0.83,min=0.15,il=0.67)"
flona02-20250917T1537-1_pulses,line_site_2_3,168,65499.037,65499.174,13,0.907,1.420,1.468,-0.810,0.707,0.077,1.000,1,overlapping-volley
flona02-20250917T1537-1_pulses,line_site_2_3,171,69615.572,69615.825,41,0.832,0.799,1.090,0.278,0.565,0.268,0.091,0,overlapping-volley
flona02-20250917T1537-1_pulses,line_site_2_3,173,74091.415,74091.444,9,0.665,0.668,0.736,-0.005,0.664,0.111,1.000,0,"interleaved-2nd-cluster(sil=0.66,min=0.11,il=1.00)"
flona02-20250917T1537-1_pulses,line_site_2_3,176,75403.846,75404.009,23,0.768,1.326,1.405,-0.613,0.713,0.043,1.000,1,overlapping-volley
flona02-20250917T1537-1_pulses,line_site_2_3,178,75404.039,75404.498,56,0.787,1.208,1.352,-0.129,0.701,0.054,1.000,1,overlapping-volley
flona02-20250917T1537-1_pulses,line_site_2_3,204,75419.513,75419.648,15,0.857,0.153,0.192,-0.535,0.651,0.067,1.000,2,overlapping-volley
flona02-20250917T1537-1_pulses,line_site_2_3,213,75424.428,75424.512,8,0.767,0.683,0.689,-0.476,0.677,0.125,1.000,0,"interleaved-2nd-cluster(sil=0.68,min=0.12,il=1.00);overlapping-volley"
flona02-20250917T1537-1_pulses,line_site_2_3,217,75430.293,75430.975,70,0.805,0.699,0.994,-0.102,0.703,0.057,1.000,0,overlapping-volley
flona02-20250917T1537-1_pulses,line_site_2_3,221,77261.045,77261.669,109,0.778,1.037,1.398,0.200,0.598,0.312,0.059,0,overlapping-volley
flona02-20250917T1537-1_pulses,line_site_2_3,227,77262.546,77262.720,17,0.774,1.106,1.237,-0.383,0.726,0.059,1.000,0,overlapping-volley
flona02-20250917T1537-1_pulses,line_site_2_3,233,77263.479,77263.593,12,0.689,0.324,0.326,-0.802,0.690,0.167,1.000,0,"interleaved-2nd-cluster(sil=0.69,min=0.17,il=1.00);overlapping-volley"
flona02-20250917T1537-1_pulses,line_site_2_3,234,77263.619,77263.804,26,0.812,0.593,0.793,-0.131,0.747,0.038,1.000,0,overlapping-volley
flona02-20250917T1537-1_pulses,line_site_2_3,235,77263.844,77263.915,9,0.808,0.648,0.852,-0.073,0.565,0.111,1.000,0,"interleaved-2nd-cluster(sil=0.57,min=0.11,il=1.00);overlapping-volley"
flona02-20250917T1537-1_pulses,line_site_2_3,241,77266.458,77266.609,13,0.776,0.603,0.668,-0.546,0.675,0.154,1.000,0,"interleaved-2nd-cluster(sil=0.68,min=0.15,il=1.00);overlapping-volley"
flona02-20250917T1537-1_pulses,line_site_2_3,243,77266.802,77266.970,12,0.915,1.016,1.330,-0.898,0.555,0.167,0.500,0,"interleaved-2nd-cluster(sil=0.56,min=0.17,il=0.50);overlapping-volley"
flona02-20250917T1537-1_pulses,line_site_2_3,252,80564.903,80565.012,25,0.765,1.325,1.425,-0.683,0.725,0.200,0.400,0,overlapping-volley
flona02-20250917T1537-1_pulses,line_site_2_3,254,80565.131,80565.181,9,0.790,0.903,0.957,-0.570,0.439,0.111,1.000,0,overlapping-volley
flona02-20250917T1537-1_pulses,line_site_2_3,276,82570.761,82570.811,10,0.856,1.579,1.631,-0.654,0.629,0.200,0.500,0,"interleaved-2nd-cluster(sil=0.63,min=0.20,il=0.50);overlapping-volley"
flona02-20250917T1537-1_pulses,line_site_2_3,277,82571.460,82571.505,10,0.767,1.484,1.511,-0.409,0.570,0.100,1.000,0,"interleaved-2nd-cluster(sil=0.57,min=0.10,il=1.00);overlapping-volley"
flona02-20250917T1537-1_pulses,line_site_2_3,283,82574.995,82575.109,14,0.879,0.892,1.137,-0.556,0.551,0.071,1.000,0,overlapping-volley
flona02-20250917T1537-1_pulses,line_site_2_3,287,82575.815,82575.970,13,0.826,0.965,1.023,-0.729,0.354,0.308,0.750,0,overlapping-volley
flona02-20250917T1537-1_pulses,line_site_2_3,289,82576.316,82576.469,11,0.737,0.528,0.617,-0.343,0.459,0.364,0.750,0,"interleaved-2nd-cluster(sil=0.46,min=0.36,il=0.75);overlapping-volley"
flona02-20250917T1537-1_pulses,line_site_2_3,310,82586.978,82587.020,9,0.700,1.284,1.295,-0.496,0.677,0.222,0.500,0,"interleaved-2nd-cluster(sil=0.68,min=0.22,il=0.50);overlapping-volley"
flona02-20250917T1537-1_pulses,line_site_2_3,314,82591.937,82592.131,18,0.887,1.156,1.333,-0.392,0.457,0.167,0.333,0,overlapping-volley
flona02-20250917T1537-1_pulses,line_site_2_3,336,82595.612,82595.726,9,0.744,0.681,0.736,-0.398,0.265,0.444,1.000,0,overlapping-volley
flona02-20250917T1537-1_pulses,line_site_2_3,355,83456.681,83456.695,8,0.821,0.175,0.214,-0.182,0.623,0.125,1.000,0,"interleaved-2nd-cluster(sil=0.62,min=0.12,il=1.00)"
flona02-20250917T1537-1_pulses,line_site_2_3,357,87273.600,87273.788,36,0.860,1.024,1.175,-0.361,0.678,0.083,0.667,0,"interleaved-2nd-cluster(sil=0.68,min=0.08,il=0.67)"
flona02-20250917T1537-1_pulses,line_site_2_3,359,92091.972,92092.266,43,0.845,1.103,1.234,-0.336,0.660,0.163,0.714,0,"interleaved-2nd-cluster(sil=0.66,min=0.16,il=0.71);overlapping-volley"
flona02-20250917T1537-1_pulses,line_site_2_3,360,92092.302,92092.375,8,0.774,0.768,0.779,-0.294,0.595,0.375,0.333,0,overlapping-volley
flona02-20250917T1537-1_pulses,line_site_2_3,365,94565.722,94565.825,17,0.791,1.205,1.294,-0.441,0.654,0.294,0.800,0,"interleaved-2nd-cluster(sil=0.65,min=0.29,il=0.80);overlapping-volley"
flona02-20250917T1537-1_pulses,line_site_2_3,366,94565.975,94566.243,28,0.770,1.103,1.260,-0.538,0.466,0.250,1.000,0,"interleaved-2nd-cluster(sil=0.47,min=0.25,il=1.00);overlapping-volley"
flona02-20250917T1537-1_pulses,line_site_2_3,371,97819.429,97819.597,30,0.707,0.591,0.616,-0.431,0.722,0.033,1.000,0,overlapping-volley
flona02-20250917T1537-1_pulses,line_site_2_3,372,97819.637,97819.829,30,0.833,1.147,1.267,-0.327,0.353,0.300,0.111,0,overlapping-volley
flona02-20250917T1537-1_pulses,line_site_2_3,387,99748.007,99748.470,75,0.808,1.004,1.190,-0.006,0.598,0.333,0.800,0,"interleaved-2nd-cluster(sil=0.60,min=0.33,il=0.80);overlapping-volley"
flona02-20250917T1537-1_pulses,line_site_2_3,390,99748.968,99749.294,26,0.727,0.876,1.122,-0.444,0.569,0.115,1.000,0,"interleaved-2nd-cluster(sil=0.57,min=0.12,il=1.00);overlapping-volley"
flona02-20250917T1537-1_pulses,line_site_2_3,396,99817.204,99817.253,8,0.656,0.652,0.736,-0.712,0.502,0.250,1.000,0,"interleaved-2nd-cluster(sil=0.50,min=0.25,il=1.00);overlapping-volley"
flona02-20250917T1537-1_pulses,line_site_2_3,398,99848.654,99848.833,31,0.753,1.245,1.381,-0.367,0.515,0.355,0.727,0,"interleaved-2nd-cluster(sil=0.51,min=0.35,il=0.73)"
flona02-20250917T1537-1_pulses,line_site_2_3,399,100915.329,100915.428,19,0.836,0.794,0.902,-0.478,0.563,0.368,0.429,0,overlapping-volley
flona02-20250917T1537-1_pulses,line_site_2_3,415,114626.780,114626.837,9,0.867,1.065,1.069,-0.316,0.297,0.444,0.750,0,overlapping-volley
flona02-20250917T1537-1_pulses,line_site_2_3,416,114626.919,114627.016,10,0.774,1.149,1.180,-0.277,0.294,0.400,1.000,0,overlapping-volley
flona02-20250917T1537-1_pulses,line_site_2_3,444,123921.379,123921.414,10,0.818,0.543,0.640,-0.490,0.590,0.200,1.000,0,"interleaved-2nd-cluster(sil=0.59,min=0.20,il=1.00)"
flona02-20250917T1537-1_pulses,line_site_2_3,446,124316.623,124316.647,10,0.764,0.643,0.717,-0.005,0.438,0.500,0.200,1,overlapping-volley
flona02-20250917T1537-1_pulses,line_site_2_3,447,124316.844,124317.290,41,0.871,1.195,1.269,-0.069,0.272,0.463,0.368,2,overlapping-volley
flona02-20250917T1537-1_pulses,line_site_2_3,451,124831.699,124831.825,29,0.801,1.295,1.338,-0.229,0.508,0.345,0.600,0,"interleaved-2nd-cluster(sil=0.51,min=0.34,il=0.60)"
flona02-20250917T1537-1_pulses,line_site_2_3,452,125369.566,125369.594,9,0.745,0.767,0.769,-0.862,0.586,0.111,1.000,1,"interleaved-2nd-cluster(sil=0.59,min=0.11,il=1.00)"
flona02-20250917T1537-1_pulses,line_site_2_3,456,128305.977,128306.005,11,0.747,0.875,0.952,-0.205,0.556,0.455,0.400,0,overlapping-volley
flona02-20250917T1537-1_pulses,line_site_2_3,462,128602.829,128602.916,9,0.200,0.593,0.661,0.011,0.425,0.333,0.667,1,overlapping-volley
flona02-20250917T1537-1_pulses,line_site_2_3,466,130211.256,130211.287,12,0.765,1.019,1.026,-0.325,0.569,0.250,0.333,0,overlapping-volley
flona02-20250917T1537-1_pulses,line_site_2_3,480,141096.201,141096.243,8,0.827,1.367,1.430,-0.369,0.687,0.125,1.000,0,"interleaved-2nd-cluster(sil=0.69,min=0.12,il=1.00);overlapping-volley"
flona02-20250917T1537-1_pulses,line_site_2_3,481,141096.273,141096.773,63,0.774,1.255,1.476,-0.308,0.757,0.079,1.000,0,overlapping-volley
flona02-20250917T1537-1_pulses,line_site_2_3,482,141116.522,141116.608,9,0.975,1.449,1.513,-0.712,0.547,0.111,1.000,0,"interleaved-2nd-cluster(sil=0.55,min=0.11,il=1.00);overlapping-volley"
flona02-20250917T1537-1_pulses,line_site_2_3,484,141968.286,141968.456,23,0.876,1.496,1.704,-0.651,0.744,0.043,1.000,0,overlapping-volley
flona02-20250917T1537-1_pulses,line_site_2_3,485,141968.526,141968.732,31,0.808,1.257,1.594,-0.455,0.783,0.065,1.000,0,overlapping-volley
flona02-20250917T1537-1_pulses,line_site_2_3,487,141968.887,141969.315,49,0.790,0.748,1.079,-0.219,0.675,0.082,0.750,0,"interleaved-2nd-cluster(sil=0.67,min=0.08,il=0.75);overlapping-volley"
flona02-20250917T1537-1_pulses,line_site_2_3,489,141969.500,141969.863,47,0.729,1.257,1.331,-0.310,0.733,0.064,1.000,0,overlapping-volley
flona02-20250917T1537-1_pulses,line_site_2_3,499,143520.419,143520.510,15,0.732,1.531,1.543,-0.708,0.673,0.133,0.500,0,"interleaved-2nd-cluster(sil=0.67,min=0.13,il=0.50)"
flona02-20250917T1537-1_pulses,line_site_2_3,514,143524.777,143524.879,19,0.803,0.910,1.146,-0.731,0.798,0.105,1.000,0,"interleaved-2nd-cluster(sil=0.80,min=0.11,il=1.00);overlapping-volley"
flona02-20250917T1537-1_pulses,line_site_2_3,515,143524.961,143525.500,54,0.791,0.925,1.158,-0.220,0.735,0.056,1.000,0,overlapping-volley
flona02-20250917T1537-1_pulses,line_site_2_3,517,143525.585,143525.923,33,0.832,0.753,1.002,-0.244,0.803,0.061,1.000,0,overlapping-volley
flona02-20250917T1537-1_pulses,line_site_2_3,518,143526.001,143526.289,22,0.760,0.766,0.793,-0.556,0.679,0.091,1.000,0,"interleaved-2nd-cluster(sil=0.68,min=0.09,il=1.00);overlapping-volley"
flona02-20250917T1537-1_pulses,line_site_2_3,522,143526.722,143526.894,12,0.794,0.687,0.729,-0.796,0.821,0.167,1.000,0,"interleaved-2nd-cluster(sil=0.82,min=0.17,il=1.00);overlapping-volley"
flona02-20250917T1537-1_pulses,line_site_2_3,529,143534.334,143534.391,15,0.790,1.038,1.041,-0.479,0.298,0.200,0.667,0,overlapping-volley
flona02-20250917T1537-1_pulses,line_site_2_3,530,143534.576,143534.616,8,0.813,1.174,1.226,-0.153,0.599,0.125,1.000,0,"interleaved-2nd-cluster(sil=0.60,min=0.12,il=1.00);overlapping-volley"
flona02-20250917T1537-1_pulses,line_site_2_3,532,143542.031,143542.203,26,0.858,0.883,1.087,-0.312,0.713,0.115,0.667,0,"interleaved-2nd-cluster(sil=0.71,min=0.12,il=0.67);overlapping-volley"
flona02-20250917T1537-1_pulses,line_site_2_3,533,143542.281,143542.476,20,0.916,1.102,1.112,-0.146,0.623,0.100,1.000,0,"interleaved-2nd-cluster(sil=0.62,min=0.10,il=1.00);overlapping-volley"
flona02-20250917T1537-1_pulses,line_site_2_3,535,143545.692,143545.732,12,0.819,0.793,0.825,-0.276,0.663,0.083,1.000,0,"interleaved-2nd-cluster(sil=0.66,min=0.08,il=1.00)"
flona02-20250917T1537-1_pulses,line_site_2_3,546,143620.184,143620.223,12,0.775,1.485,1.505,-0.127,0.770,0.167,0.500,0,"interleaved-2nd-cluster(sil=0.77,min=0.17,il=0.50);overlapping-volley"
flona02-20250917T1537-1_pulses,line_site_2_3,548,143621.243,143621.286,9,0.863,1.557,1.616,-0.282,0.724,0.222,0.500,0,"interleaved-2nd-cluster(sil=0.72,min=0.22,il=0.50);overlapping-volley"
flona02-20250917T1537-1_pulses,line_site_2_3,556,143654.853,143654.890,9,0.789,1.356,1.366,-0.606,0.461,0.222,0.500,0,"interleaved-2nd-cluster(sil=0.46,min=0.22,il=0.50)"
flona02-20250917T1537-1_pulses,line_site_2_3,583,145250.847,145250.924,14,0.861,0.967,1.034,-0.241,0.650,0.143,0.500,0,"interleaved-2nd-cluster(sil=0.65,min=0.14,il=0.50);overlapping-volley"
flona02-20250917T1537-1_pulses,line_site_2_3,584,145251.010,145251.218,20,0.914,1.580,1.630,-0.763,0.649,0.050,1.000,0,overlapping-volley
flona02-20250917T1537-1_pulses,line_site_2_3,585,147922.099,147922.134,12,0.804,1.027,1.253,-0.204,0.384,0.417,0.600,1,overlapping-volley
flona02-20250917T1537-1_pulses,line_site_2_3,586,147922.227,147922.319,10,0.799,0.638,0.653,-0.688,0.508,0.400,0.250,1,overlapping-volley
flona02-20250917T1537-1_pulses,line_site_2_3,590,148657.474,148657.765,47,0.812,1.193,1.375,-0.256,0.789,0.021,1.000,1,overlapping-volley
flona02-20250917T1537-1_pulses,line_site_2_3,598,148809.783,148809.881,12,0.837,1.482,1.504,-0.685,0.314,0.333,0.250,1,overlapping-volley
flona02-20250917T1537-1_pulses,line_site_2_3,599,148809.909,148810.814,148,0.741,1.209,1.343,-0.112,0.725,0.054,0.875,1,overlapping-volley
flona02-20250917T1537-1_pulses,line_site_2_3,600,148811.815,148812.234,36,0.849,0.726,1.093,-0.201,0.679,0.056,1.000,1,overlapping-volley
flona02-20250917T1537-1_pulses,line_site_2_3,604,152642.825,152643.251,48,0.887,1.102,1.266,-0.093,0.719,0.125,0.833,0,"interleaved-2nd-cluster(sil=0.72,min=0.12,il=0.83);overlapping-volley"
flona02-20250917T1537-1_pulses,line_site_2_3,615,160630.122,160630.194,9,0.851,1.235,1.277,-0.482,0.697,0.111,1.000,2,"interleaved-2nd-cluster(sil=0.70,min=0.11,il=1.00);overlapping-volley"
flona02-20250917T1537-1_pulses,line_site_2_3,618,168892.124,168892.208,11,0.867,1.310,1.330,-0.466,0.500,0.091,1.000,0,"interleaved-2nd-cluster(sil=0.50,min=0.09,il=1.00);overlapping-volley"
flona02-20250917T1537-1_pulses,line_site_2_3,619,168892.241,168892.339,9,0.778,0.603,0.721,-0.888,0.542,0.222,1.000,0,"interleaved-2nd-cluster(sil=0.54,min=0.22,il=1.00);overlapping-volley"
flona02-20250917T1537-1_pulses,line_site_2_3,626,172315.207,172315.279,9,0.200,1.370,1.385,-0.628,0.318,0.111,1.000,0,overlapping-volley
flona02-20250919T1647-1_pulses,line_site_2_3,8,7790.781,7790.836,9,0.772,1.408,1.440,-0.110,0.711,0.111,1.000,0,"interleaved-2nd-cluster(sil=0.71,min=0.11,il=1.00)"
flona02-20250919T1647-1_pulses,line_site_2_3,11,10228.500,10228.535,8,0.629,1.527,1.537,-0.630,0.765,0.250,0.500,0,"interleaved-2nd-cluster(sil=0.76,min=0.25,il=0.50)"
flona02-20250919T1647-1_pulses,line_site_2_3,13,10794.697,10794.752,17,0.661,0.881,1.147,-0.430,0.777,0.353,0.500,0,"interleaved-2nd-cluster(sil=0.78,min=0.35,il=0.50);overlapping-volley"
flona02-20250919T1647-1_pulses,line_site_2_3,19,13324.409,13324.434,9,0.706,1.229,1.282,-0.631,0.651,0.333,0.667,0,"interleaved-2nd-cluster(sil=0.65,min=0.33,il=0.67);overlapping-volley"
flona02-20250919T1647-1_pulses,line_site_2_3,21,13324.633,13324.830,18,0.865,0.794,0.812,-0.436,0.839,0.444,0.750,0,"interleaved-2nd-cluster(sil=0.84,min=0.44,il=0.75);overlapping-volley"
flona02-20250919T1647-1_pulses,line_site_2_3,22,14835.195,14835.241,11,0.755,1.030,1.036,-0.692,0.817,0.091,1.000,0,"interleaved-2nd-cluster(sil=0.82,min=0.09,il=1.00)"
flona02-20250919T1647-1_pulses,line_site_2_3,27,15236.979,15237.043,11,0.678,1.377,1.429,0.037,0.684,0.091,1.000,0,"interleaved-2nd-cluster(sil=0.68,min=0.09,il=1.00);overlapping-volley"
flona02-20250919T1647-1_pulses,line_site_2_3,39,16308.275,16308.437,25,0.843,1.038,1.194,-0.571,0.378,0.360,0.556,0,overlapping-volley
flona02-20250919T1647-1_pulses,line_site_2_3,42,16484.431,16484.741,51,0.852,1.180,1.277,-0.176,0.298,0.392,0.400,0,overlapping-volley
flona02-20250919T1647-1_pulses,line_site_2_3,44,16527.409,16527.531,23,0.813,1.085,1.324,-0.656,0.316,0.435,0.300,0,overlapping-volley
flona02-20250919T1647-1_pulses,line_site_2_3,49,16637.803,16637.855,8,0.858,1.041,1.057,-0.621,0.528,0.125,1.000,0,"interleaved-2nd-cluster(sil=0.53,min=0.12,il=1.00)"
flona02-20250919T1647-1_pulses,line_site_2_3,51,16724.998,16725.035,11,0.822,0.924,0.990,-0.239,0.717,0.091,1.000,0,"interleaved-2nd-cluster(sil=0.72,min=0.09,il=1.00);overlapping-volley"
flona02-20250919T1647-1_pulses,line_site_2_3,55,17682.989,17683.008,8,0.790,0.824,0.838,-0.432,0.603,0.250,1.000,0,"interleaved-2nd-cluster(sil=0.60,min=0.25,il=1.00);overlapping-volley"
flona02-20250919T1647-1_pulses,line_site_2_3,56,17769.844,17769.922,18,0.830,1.091,1.208,-0.325,0.727,0.056,1.000,0,overlapping-volley
flona02-20250919T1647-1_pulses,line_site_2_3,57,17769.976,17770.066,9,0.757,0.294,0.305,-0.650,0.789,0.333,1.000,0,"interleaved-2nd-cluster(sil=0.79,min=0.33,il=1.00);overlapping-volley"
flona02-20250919T1647-1_pulses,line_site_2_3,61,17779.589,17779.716,12,0.843,0.221,0.222,-0.593,0.341,0.500,0.500,0,overlapping-volley
flona02-20250919T1647-1_pulses,line_site_2_3,71,17799.537,17799.610,10,0.834,0.498,0.575,-0.650,0.519,0.200,0.500,1,"interleaved-2nd-cluster(sil=0.52,min=0.20,il=0.50);overlapping-volley"
flona02-20250919T1647-1_pulses,line_site_2_3,77,18875.981,18876.025,11,0.818,1.053,1.171,-0.212,0.746,0.091,1.000,0,"interleaved-2nd-cluster(sil=0.75,min=0.09,il=1.00)"
flona02-20250919T1647-1_pulses,line_site_2_3,78,20026.798,20027.063,37,0.881,1.263,1.408,-0.311,0.740,0.108,0.750,0,"interleaved-2nd-cluster(sil=0.74,min=0.11,il=0.75);overlapping-volley"
flona02-20250919T1647-1_pulses,line_site_2_3,79,20027.144,20027.274,11,0.771,0.821,0.921,-0.570,0.724,0.182,0.500,0,"interleaved-2nd-cluster(sil=0.72,min=0.18,il=0.50);overlapping-volley"
flona02-20250919T1647-1_pulses,line_site_2_3,81,20550.299,20550.332,8,0.865,1.103,1.230,-0.289,0.656,0.125,1.000,1,"interleaved-2nd-cluster(sil=0.66,min=0.12,il=1.00);overlapping-volley"
flona02-20250919T1647-1_pulses,line_site_2_3,93,21457.366,21457.399,9,0.826,1.021,1.111,-0.661,0.342,0.333,0.667,2,overlapping-volley
flona02-20250919T1647-1_pulses,line_site_2_3,94,21457.407,21457.475,8,0.786,1.139,1.153,-0.512,0.465,0.500,0.250,2,overlapping-volley
flona02-20250919T1647-1_pulses,line_site_2_3,97,21956.207,21956.233,8,0.873,0.749,0.840,-0.200,0.626,0.125,1.000,0,"interleaved-2nd-cluster(sil=0.63,min=0.12,il=1.00)"
flona02-20250919T1647-1_pulses,line_site_2_3,98,21993.358,21993.447,13,0.907,0.370,0.408,-0.570,0.551,0.385,0.800,0,"interleaved-2nd-cluster(sil=0.55,min=0.38,il=0.80)"
flona02-20250919T1647-1_pulses,line_site_2_3,101,22628.534,22628.710,27,0.855,1.005,1.170,-0.362,0.563,0.111,0.333,0,overlapping-volley
flona02-20250919T1647-1_pulses,line_site_2_3,102,22628.937,22629.225,34,0.809,1.333,1.404,-0.183,0.216,0.441,0.533,0,overlapping-volley
flona02-20250919T1647-1_pulses,line_site_2_3,103,22629.260,22629.326,13,0.875,0.332,0.349,-0.486,0.662,0.077,1.000,0,overlapping-volley
flona02-20250919T1647-1_pulses,line_site_2_3,104,22629.369,22629.448,16,0.907,0.523,0.852,-0.520,0.619,0.125,0.500,0,"interleaved-2nd-cluster(sil=0.62,min=0.12,il=0.50);overlapping-volley"
flona02-20250919T1647-1_pulses,line_site_2_3,105,22629.478,22629.563,15,0.700,0.663,0.820,-0.222,0.226,0.467,0.714,0,overlapping-volley
flona02-20250919T1647-1_pulses,line_site_2_3,106,22629.589,22629.621,8,0.668,0.560,0.578,-0.708,0.305,0.375,0.667,0,overlapping-volley
flona02-20250919T1647-1_pulses,line_site_2_3,107,22629.903,22629.961,8,0.837,0.668,0.708,-0.862,0.305,0.375,0.667,0,overlapping-volley
flona02-20250919T1647-1_pulses,line_site_2_3,112,22630.281,22630.776,61,0.831,0.367,0.705,-0.148,0.466,0.361,0.091,0,overlapping-volley
flona02-20250919T1647-1_pulses,line_site_2_3,113,22630.837,22631.614,72,0.755,0.641,0.998,0.264,0.308,0.472,0.235,0,overlapping-volley
flona02-20250919T1647-1_pulses,line_site_2_3,122,23731.587,23731.665,12,0.908,0.471,0.549,-0.606,0.281,0.333,0.500,0,overlapping-volley
flona02-20250919T1647-1_pulses,line_site_2_3,123,23731.713,23731.866,20,0.811,0.650,0.959,-0.147,0.315,0.300,0.667,0,overlapping-volley
flona02-20250919T1647-1_pulses,line_site_2_3,125,23732.087,23732.187,9,0.787,0.818,0.834,-0.715,0.596,0.222,1.000,0,"interleaved-2nd-cluster(sil=0.60,min=0.22,il=1.00);overlapping-volley"
flona02-20250919T1647-1_pulses,line_site_2_3,129,24945.615,24945.772,17,0.803,0.468,0.508,-0.001,0.366,0.353,0.833,0,overlapping-volley
flona02-20250919T1647-1_pulses,line_site_2_3,131,24946.521,24946.649,19,0.842,0.933,1.420,-0.457,0.647,0.263,0.800,0,"interleaved-2nd-cluster(sil=0.65,min=0.26,il=0.80);overlapping-volley"
flona02-20250919T1647-1_pulses,line_site_2_3,132,24947.591,24947.678,13,0.762,1.242,1.245,-0.571,0.311,0.385,0.400,0,overlapping-volley
flona02-20250919T1647-1_pulses,line_site_2_3,142,26710.654,26710.921,38,0.884,0.941,1.341,-0.152,0.482,0.263,0.100,0,overlapping-volley
flona02-20250919T1647-1_pulses,line_site_2_3,147,28569.225,28569.405,31,0.832,1.062,1.126,-0.205,0.192,0.419,0.231,0,overlapping-volley
flona02-20250919T1647-1_pulses,line_site_2_3,149,28752.080,28752.498,67,0.870,0.912,1.434,0.047,0.325,0.433,0.483,0,overlapping-volley
flona02-20250919T1647-1_pulses,line_site_2_3,152,28756.158,28756.357,19,0.816,0.457,0.881,-0.743,0.451,0.053,1.000,0,overlapping-volley
flona02-20250919T1647-1_pulses,line_site_2_3,153,28756.513,28756.656,12,0.832,1.490,1.520,-0.927,0.254,0.417,0.400,0,overlapping-volley
flona02-20250919T1647-1_pulses,line_site_2_3,162,29789.163,29789.202,14,0.773,0.967,1.073,-0.292,0.491,0.214,0.667,0,"interleaved-2nd-cluster(sil=0.49,min=0.21,il=0.67)"
flona02-20250919T1647-1_pulses,line_site_2_3,166,31251.952,31252.170,45,0.789,1.019,1.323,-0.066,0.396,0.244,0.727,0,overlapping-volley
flona02-20250919T1647-1_pulses,line_site_2_3,167,31252.201,31252.294,15,0.916,0.370,0.384,-0.341,0.628,0.400,0.333,0,overlapping-volley
flona02-20250919T1647-1_pulses,line_site_2_3,168,31252.320,31252.401,13,0.846,0.348,0.490,-0.469,0.478,0.462,0.500,0,"interleaved-2nd-cluster(sil=0.48,min=0.46,il=0.50);overlapping-volley"
flona02-20250919T1647-1_pulses,line_site_2_3,169,31252.444,31252.513,11,0.920,0.540,0.740,-0.318,0.337,0.455,1.000,0,overlapping-volley
flona02-20250919T1647-1_pulses,line_site_2_3,170,31252.549,31253.021,59,0.869,0.655,1.265,-0.093,0.238,0.424,0.480,0,overlapping-volley
flona02-20250919T1647-1_pulses,line_site_2_3,171,31253.671,31253.730,8,0.793,0.382,0.419,-0.756,0.327,0.250,1.000,0,overlapping-volley
flona02-20250919T1647-1_pulses,line_site_2_3,172,31253.755,31253.841,9,0.824,0.376,0.406,-0.330,0.237,0.444,0.500,0,overlapping-volley
flona02-20250919T1647-1_pulses,line_site_2_3,174,31253.947,31254.064,8,0.734,0.422,0.446,-0.013,0.282,0.500,0.750,0,overlapping-volley
flona02-20250919T1647-1_pulses,line_site_2_3,183,31363.452,31363.607,27,0.818,1.509,1.569,-0.352,0.350,0.407,0.545,0,overlapping-volley
flona02-20250919T1647-1_pulses,line_site_2_3,185,31364.884,31365.113,45,0.839,0.960,1.156,-0.311,0.531,0.267,0.583,0,"interleaved-2nd-cluster(sil=0.53,min=0.27,il=0.58)"
flona02-20250919T1647-1_pulses,line_site_2_3,187,31934.201,31934.293,15,0.869,1.055,1.581,-0.332,0.239,0.467,0.571,0,overlapping-volley
flona02-20250919T1647-1_pulses,line_site_2_3,188,31934.340,31934.488,23,0.831,1.120,1.174,-0.442,0.237,0.478,0.545,0,overlapping-volley
flona02-20250919T1647-1_pulses,line_site_2_3,191,32137.179,32137.209,10,0.786,1.147,1.171,-0.203,0.529,0.300,0.333,0,overlapping-volley
flona02-20250919T1647-1_pulses,line_site_2_3,192,32137.402,32137.459,8,0.867,1.154,1.183,-0.435,0.248,0.375,0.667,0,overlapping-volley
flona02-20250919T1647-1_pulses,line_site_2_3,194,32137.778,32138.403,84,0.880,0.680,1.482,-0.313,0.684,0.286,0.042,0,overlapping-volley
flona02-20250919T1647-1_pulses,line_site_2_3,198,32286.054,32286.099,12,0.728,0.991,0.997,-0.792,0.431,0.417,0.600,0,overlapping-volley
flona02-20250919T1647-1_pulses,line_site_2_3,199,32286.246,32286.646,41,0.828,1.195,1.377,-0.177,0.277,0.415,0.765,0,overlapping-volley
flona02-20250919T1647-1_pulses,line_site_2_3,200,32286.693,32286.787,9,0.824,0.644,0.670,-0.095,0.402,0.222,0.500,0,overlapping-volley
flona02-20250919T1647-1_pulses,line_site_2_3,204,32605.461,32605.481,10,0.764,0.238,0.245,-0.111,0.629,0.300,0.333,0,overlapping-volley
flona02-20250919T1647-1_pulses,line_site_2_3,208,32793.126,32793.210,16,0.884,0.404,0.484,-0.700,0.685,0.062,1.000,0,overlapping-volley
flona02-20250919T1647-1_pulses,line_site_2_3,216,33635.243,33635.305,8,0.825,1.360,1.373,-0.904,0.312,0.375,0.333,1,overlapping-volley
flona02-20250919T1647-1_pulses,line_site_2_3,219,33635.389,33635.588,21,0.782,1.226,1.279,-0.701,0.213,0.333,0.714,1,overlapping-volley
flona02-20250919T1647-1_pulses,line_site_2_3,222,34388.871,34388.969,9,0.963,1.174,1.474,-0.019,0.552,0.111,1.000,1,"interleaved-2nd-cluster(sil=0.55,min=0.11,il=1.00);overlapping-volley"
flona02-20250919T1647-1_pulses,line_site_2_3,230,35304.590,35304.616,11,0.843,0.218,0.224,-0.264,0.437,0.091,1.000,0,overlapping-volley
flona02-20250919T1647-1_pulses,line_site_2_3,231,35304.782,35304.800,8,0.826,0.162,0.170,0.082,0.256,0.500,0.250,0,overlapping-volley
flona02-20250919T1647-1_pulses,line_site_2_3,237,36356.175,36356.311,20,0.816,0.657,0.662,-0.572,0.481,0.300,0.833,0,"interleaved-2nd-cluster(sil=0.48,min=0.30,il=0.83);overlapping-volley"
flona02-20250919T1647-1_pulses,line_site_2_3,238,36356.425,36356.699,39,0.874,0.762,1.528,0.213,0.443,0.205,0.750,0,overlapping-volley
flona02-20250919T1647-1_pulses,line_site_2_3,239,36356.729,36356.823,10,0.931,0.578,0.677,-0.568,0.282,0.500,0.600,0,overlapping-volley
flona02-20250919T1647-1_pulses,line_site_2_3,243,36361.169,36361.447,31,0.849,0.795,1.056,-0.333,0.590,0.258,0.750,0,"interleaved-2nd-cluster(sil=0.59,min=0.26,il=0.75);overlapping-volley"
flona02-20250919T1647-1_pulses,line_site_2_3,244,36361.479,36361.596,13,0.858,0.498,0.601,-0.536,0.379,0.385,0.600,0,overlapping-volley
flona02-20250919T1647-1_pulses,line_site_2_3,245,36361.636,36361.790,16,0.911,0.347,0.392,-0.309,0.700,0.062,1.000,0,overlapping-volley
flona02-20250919T1647-1_pulses,line_site_2_3,249,36734.641,36734.909,36,0.912,0.648,1.126,-0.245,0.477,0.222,0.625,0,"interleaved-2nd-cluster(sil=0.48,min=0.22,il=0.62)"
flona02-20250919T1647-1_pulses,line_site_2_3,254,38157.647,38157.734,9,0.837,1.240,1.338,-0.537,0.193,0.444,0.750,0,overlapping-volley
flona02-20250919T1647-1_pulses,line_site_2_3,266,39549.999,39550.081,14,0.813,0.703,0.724,-0.101,0.517,0.286,0.750,0,"interleaved-2nd-cluster(sil=0.52,min=0.29,il=0.75)"
flona02-20250919T1647-1_pulses,line_site_2_3,273,42358.147,42358.427,55,0.726,0.765,0.941,-0.013,0.397,0.236,0.462,0,overlapping-volley
flona02-20250919T1647-1_pulses,line_site_2_3,275,42358.511,42358.778,34,0.832,0.933,1.088,0.219,0.418,0.235,0.375,0,overlapping-volley
flona02-20250919T1647-1_pulses,line_site_2_3,277,42359.231,42359.372,13,0.839,1.031,1.154,-0.732,0.478,0.231,1.000,0,"interleaved-2nd-cluster(sil=0.48,min=0.23,il=1.00);overlapping-volley"
flona02-20250919T1647-1_pulses,line_site_2_3,282,42375.659,42375.758,13,0.774,0.583,0.699,-0.782,0.532,0.077,1.000,0,overlapping-volley
flona02-20250919T1647-1_pulses,line_site_2_3,286,42756.856,42757.074,35,0.840,1.043,1.072,-0.333,0.474,0.486,0.588,0,"interleaved-2nd-cluster(sil=0.47,min=0.49,il=0.59);overlapping-volley"
flona02-20250919T1647-1_pulses,line_site_2_3,287,42757.107,42757.353,31,0.838,0.605,1.242,-0.417,0.533,0.323,0.700,0,"interleaved-2nd-cluster(sil=0.53,min=0.32,il=0.70);overlapping-volley"
flona02-20250919T1647-1_pulses,line_site_2_3,288,42757.412,42757.591,16,0.770,1.087,1.350,-0.873,0.383,0.438,0.714,0,overlapping-volley
flona02-20250919T1647-1_pulses,line_site_2_3,303,43664.211,43664.270,9,0.200,1.128,1.167,-0.637,0.345,0.333,1.000,1,overlapping-volley
flona02-20250919T1647-1_pulses,line_site_2_3,312,43671.158,43671.487,27,0.897,0.524,0.613,-0.238,0.389,0.296,0.625,0,overlapping-volley
flona02-20250919T1647-1_pulses,line_site_2_3,322,45732.262,45732.311,8,0.898,1.077,1.290,-0.178,0.560,0.125,1.000,0,"interleaved-2nd-cluster(sil=0.56,min=0.12,il=1.00)"
flona02-20250919T1647-1_pulses,line_site_2_3,326,46471.436,46472.042,71,0.901,0.819,1.217,0.023,0.410,0.197,0.786,0,overlapping-volley
flona02-20250919T1647-1_pulses,line_site_2_3,327,46472.068,46472.289,17,0.631,0.632,0.698,-0.570,0.577,0.235,1.000,0,"interleaved-2nd-cluster(sil=0.58,min=0.24,il=1.00);overlapping-volley"
flona02-20250919T1647-1_pulses,line_site_2_3,333,46472.735,46472.964,16,0.868,0.714,0.936,-0.867,0.642,0.062,1.000,0,overlapping-volley
flona02-20250919T1647-1_pulses,line_site_2_3,340,46501.149,46501.274,9,0.700,0.559,0.568,-0.659,0.505,0.111,1.000,0,"interleaved-2nd-cluster(sil=0.51,min=0.11,il=1.00);overlapping-volley"
flona02-20250919T1647-1_pulses,line_site_2_3,341,46501.310,46501.736,35,0.762,0.668,0.724,-0.172,0.590,0.057,1.000,0,overlapping-volley
flona02-20250919T1647-1_pulses,line_site_2_3,346,46502.123,46502.274,12,0.792,0.984,1.015,-0.498,0.691,0.167,1.000,0,"interleaved-2nd-cluster(sil=0.69,min=0.17,il=1.00);overlapping-volley"
flona02-20250919T1647-1_pulses,line_site_2_3,351,46945.891,46946.301,68,0.886,0.960,1.084,-0.046,0.622,0.118,0.750,0,"interleaved-2nd-cluster(sil=0.62,min=0.12,il=0.75);overlapping-volley"
flona02-20250919T1647-1_pulses,line_site_2_3,355,47175.969,47176.110,24,0.813,0.752,1.058,-0.755,0.549,0.125,0.667,0,"interleaved-2nd-cluster(sil=0.55,min=0.12,il=0.67);overlapping-volley"
flona02-20250919T1647-1_pulses,line_site_2_3,357,47225.879,47226.199,47,0.817,1.051,1.101,-0.220,0.656,0.128,0.667,0,"interleaved-2nd-cluster(sil=0.66,min=0.13,il=0.67)"
flona02-20250919T1647-1_pulses,line_site_2_3,359,47706.833,47707.067,45,0.783,1.157,1.287,-0.242,0.742,0.067,0.667,0,overlapping-volley
flona02-20250919T1647-1_pulses,line_site_2_3,360,47707.098,47707.199,10,0.845,1.071,1.260,-0.487,0.551,0.100,1.000,0,"interleaved-2nd-cluster(sil=0.55,min=0.10,il=1.00);overlapping-volley"
flona02-20250919T1647-1_pulses,line_site_2_3,361,47747.738,47747.912,21,0.804,0.731,0.897,-0.693,0.585,0.095,1.000,0,"interleaved-2nd-cluster(sil=0.59,min=0.10,il=1.00)"
flona02-20250919T1647-1_pulses,line_site_2_3,363,48246.556,48246.864,48,0.849,0.543,0.738,0.012,0.591,0.083,0.750,0,"interleaved-2nd-cluster(sil=0.59,min=0.08,il=0.75)"
flona02-20250919T1647-1_pulses,line_site_2_3,364,48370.618,48370.690,17,0.715,0.894,1.182,-0.562,0.289,0.471,0.375,0,overlapping-volley
flona02-20250919T1647-1_pulses,line_site_2_3,365,48370.888,48370.975,13,0.819,0.894,1.108,-0.281,0.304,0.385,0.600,0,overlapping-volley
flona02-20250919T1647-1_pulses,line_site_2_3,372,48963.179,48963.440,52,0.782,0.790,1.003,-0.461,0.595,0.077,0.500,0,overlapping-volley
flona02-20250919T1647-1_pulses,line_site_2_3,374,49169.862,49170.078,43,0.798,1.050,1.489,-0.226,0.687,0.093,0.750,0,"interleaved-2nd-cluster(sil=0.69,min=0.09,il=0.75)"
flona02-20250919T1647-1_pulses,line_site_2_3,375,50398.690,50399.002,41,0.822,0.946,1.043,-0.115,0.410,0.244,0.400,0,overlapping-volley
flona02-20250919T1647-1_pulses,line_site_2_3,377,50399.097,50399.224,11,0.200,0.152,0.152,-0.194,0.635,0.182,1.000,0,"interleaved-2nd-cluster(sil=0.63,min=0.18,il=1.00);overlapping-volley"
flona02-20250919T1647-1_pulses,line_site_2_3,383,50727.486,50727.680,34,0.880,0.758,1.250,-0.034,0.661,0.059,1.000,0,overlapping-volley
flona02-20250919T1647-1_pulses,line_site_2_3,384,50727.706,50727.781,9,0.852,0.522,0.524,-0.519,0.543,0.111,1.000,0,"interleaved-2nd-cluster(sil=0.54,min=0.11,il=1.00);overlapping-volley"
flona02-20250919T1647-1_pulses,line_site_2_3,388,52258.201,52258.225,9,0.796,0.925,1.060,-0.353,0.748,0.222,0.500,0,"interleaved-2nd-cluster(sil=0.75,min=0.22,il=0.50);overlapping-volley"
flona02-20250919T1647-1_pulses,line_site_2_3,389,52318.049,52318.276,44,0.833,0.626,0.755,-0.269,0.618,0.068,1.000,0,overlapping-volley
flona02-20250919T1647-1_pulses,line_site_2_3,390,52318.302,52318.656,40,0.817,0.897,1.404,-0.228,0.481,0.450,0.111,0,overlapping-volley
flona02-20250919T1647-1_pulses,line_site_2_3,391,52318.690,52318.856,16,0.816,0.822,1.327,-0.437,0.545,0.188,1.000,0,"interleaved-2nd-cluster(sil=0.55,min=0.19,il=1.00);overlapping-volley"
flona02-20250919T1647-1_pulses,line_site_2_3,392,52318.893,52318.981,11,0.876,0.691,0.962,-0.324,0.509,0.182,1.000,0,"interleaved-2nd-cluster(sil=0.51,min=0.18,il=1.00);overlapping-volley"
flona02-20250919T1647-1_pulses,line_site_2_3,399,52330.272,52330.321,8,0.805,0.854,0.880,-0.631,0.536,0.250,1.000,0,"interleaved-2nd-cluster(sil=0.54,min=0.25,il=1.00)"
flona02-20250919T1647-1_pulses,line_site_2_3,413,53518.043,53518.232,33,0.809,1.032,1.192,-0.239,0.669,0.121,0.750,0,"interleaved-2nd-cluster(sil=0.67,min=0.12,il=0.75);overlapping-volley"
flona02-20250919T1647-1_pulses,line_site_2_3,415,53550.191,53550.497,29,0.898,0.902,1.242,-0.459,0.656,0.034,1.000,0,overlapping-volley
flona02-20250919T1647-1_pulses,line_site_2_3,418,54917.340,54917.397,10,0.834,0.546,0.563,-0.102,0.606,0.100,1.000,0,"interleaved-2nd-cluster(sil=0.61,min=0.10,il=1.00)"
flona02-20250919T1647-1_pulses,line_site_2_3,421,55522.727,55523.107,65,0.874,0.633,0.877,-0.058,0.704,0.108,0.143,0,overlapping-volley
flona02-20250919T1647-1_pulses,line_site_2_3,423,56188.124,56188.338,17,0.718,0.776,0.823,-0.719,0.695,0.118,1.000,0,"interleaved-2nd-cluster(sil=0.69,min=0.12,il=1.00);overlapping-volley"
flona02-20250919T1647-1_pulses,line_site_2_3,424,56188.466,56188.636,22,0.788,0.968,1.018,-0.266,0.631,0.136,0.667,0,"interleaved-2nd-cluster(sil=0.63,min=0.14,il=0.67);overlapping-volley"
flona02-20250919T1647-1_pulses,line_site_2_3,429,56491.861,56491.910,8,0.827,1.274,1.300,-0.810,0.572,0.125,1.000,0,"interleaved-2nd-cluster(sil=0.57,min=0.12,il=1.00)"
flona02-20250919T1647-1_pulses,line_site_2_3,434,56638.141,56638.193,10,0.653,1.181,1.377,-0.599,0.475,0.100,1.000,0,"interleaved-2nd-cluster(sil=0.48,min=0.10,il=1.00)"
flona02-20250919T1647-1_pulses,line_site_2_3,435,56939.126,56939.381,49,0.832,1.117,1.250,-0.126,0.618,0.082,1.000,1,"interleaved-2nd-cluster(sil=0.62,min=0.08,il=1.00);overlapping-volley"
flona02-20250919T1647-1_pulses,line_site_2_3,437,56940.600,56940.745,19,0.703,0.896,1.132,-0.372,0.672,0.105,1.000,1,"interleaved-2nd-cluster(sil=0.67,min=0.11,il=1.00);overlapping-volley"
flona02-20250919T1647-1_pulses,line_site_2_3,438,56940.809,56940.973,13,0.732,0.375,0.378,-0.692,0.557,0.231,1.000,1,"interleaved-2nd-cluster(sil=0.56,min=0.23,il=1.00);overlapping-volley"
flona02-20250919T1647-1_pulses,line_site_2_3,441,57026.273,57026.599,40,0.876,0.856,1.061,-0.171,0.766,0.075,1.000,0,overlapping-volley
flona02-20250919T1647-1_pulses,line_site_2_3,442,57026.627,57026.833,14,0.696,0.736,0.775,-0.596,0.714,0.143,1.000,0,"interleaved-2nd-cluster(sil=0.71,min=0.14,il=1.00);overlapping-volley"
flona02-20250919T1647-1_pulses,line_site_2_3,443,57026.907,57027.055,11,0.812,1.356,1.441,-0.376,0.603,0.091,1.000,0,"interleaved-2nd-cluster(sil=0.60,min=0.09,il=1.00);overlapping-volley"
flona02-20250919T1647-1_pulses,line_site_2_3,444,57820.373,57820.728,50,0.881,0.884,1.529,-0.087,0.644,0.060,0.667,0,overlapping-volley
flona02-20250919T1647-1_pulses,line_site_2_3,446,58388.624,58388.666,15,0.200,0.618,0.671,-0.285,0.915,0.133,0.500,0,"interleaved-2nd-cluster(sil=0.92,min=0.13,il=0.50);overlapping-volley"
flona02-20250919T1647-1_pulses,line_site_2_3,450,59317.815,59317.892,8,0.692,0.594,0.618,-0.812,0.341,0.375,0.667,0,overlapping-volley
flona02-20250919T1647-1_pulses,line_site_2_3,455,63922.288,63922.379,14,0.864,1.087,1.129,-0.630,0.723,0.143,1.000,0,"interleaved-2nd-cluster(sil=0.72,min=0.14,il=1.00)"
flona02-20250919T1647-1_pulses,line_site_2_3,460,64354.511,64354.657,20,0.775,1.023,1.154,-0.555,0.625,0.200,0.750,0,"interleaved-2nd-cluster(sil=0.63,min=0.20,il=0.75)"
flona02-20250919T1647-1_pulses,line_site_2_3,467,65495.181,65495.411,38,0.813,0.621,0.900,-0.471,0.672,0.105,0.750,0,"interleaved-2nd-cluster(sil=0.67,min=0.11,il=0.75)"
flona02-20250919T1647-1_pulses,line_site_2_3,468,65509.296,65509.405,14,0.884,0.944,1.048,-0.319,0.614,0.071,1.000,0,overlapping-volley
flona02-20250919T1647-1_pulses,line_site_2_3,470,65509.958,65510.075,14,0.731,0.871,1.085,-0.592,0.514,0.071,1.000,0,overlapping-volley
flona02-20250919T1647-1_pulses,line_site_2_3,471,66388.494,66388.666,35,0.822,0.827,1.085,-0.295,0.626,0.086,0.667,0,"interleaved-2nd-cluster(sil=0.63,min=0.09,il=0.67)"
flona02-20250919T1647-1_pulses,line_site_2_3,472,66694.619,66695.043,41,0.867,0.938,1.042,-0.165,0.751,0.073,1.000,0,overlapping-volley
flona02-20250919T1647-1_pulses,line_site_2_3,474,66894.625,66894.807,32,0.828,0.944,1.045,-0.382,0.686,0.125,0.750,0,"interleaved-2nd-cluster(sil=0.69,min=0.12,il=0.75)"
flona02-20250919T1647-1_pulses,line_site_2_3,479,68361.311,68361.853,63,0.833,0.977,1.246,0.011,0.656,0.111,0.857,0,"interleaved-2nd-cluster(sil=0.66,min=0.11,il=0.86);overlapping-volley"
flona02-20250919T1647-1_pulses,line_site_2_3,484,68362.351,68362.692,37,0.759,0.913,1.057,-0.501,0.739,0.135,1.000,0,"interleaved-2nd-cluster(sil=0.74,min=0.14,il=1.00);overlapping-volley"
flona02-20250919T1647-1_pulses,line_site_2_3,488,68757.841,68757.896,11,0.790,1.348,1.438,-0.581,0.616,0.091,1.000,0,"interleaved-2nd-cluster(sil=0.62,min=0.09,il=1.00)"
flona02-20250919T1647-1_pulses,line_site_2_3,493,70135.496,70135.735,19,0.810,0.861,0.981,-0.718,0.760,0.105,1.000,0,"interleaved-2nd-cluster(sil=0.76,min=0.11,il=1.00);overlapping-volley"
flona02-20250919T1647-1_pulses,line_site_2_3,496,70135.996,70136.130,10,0.769,0.936,0.980,-0.911,0.222,0.500,0.600,0,overlapping-volley
flona02-20250919T1647-1_pulses,line_site_2_3,506,71501.987,71502.170,25,0.803,1.079,1.267,-0.282,0.544,0.120,1.000,0,"interleaved-2nd-cluster(sil=0.54,min=0.12,il=1.00)"
flona02-20250919T1647-1_pulses,line_site_2_3,507,71757.311,71757.368,11,0.672,1.449,1.454,-0.813,0.727,0.091,1.000,0,"interleaved-2nd-cluster(sil=0.73,min=0.09,il=1.00)"
flona02-20250919T1647-1_pulses,line_site_2_3,511,75181.016,75181.042,8,0.200,0.789,0.851,-0.138,0.522,0.250,0.500,0,"interleaved-2nd-cluster(sil=0.52,min=0.25,il=0.50)"
flona02-20250919T1647-1_pulses,line_site_2_3,519,78698.275,78698.446,21,0.877,1.152,1.434,-0.581,0.545,0.143,1.000,0,"interleaved-2nd-cluster(sil=0.54,min=0.14,il=1.00)"
flona02-20250919T1647-1_pulses,line_site_2_3,520,86001.042,86001.274,31,0.779,0.727,0.751,-0.290,0.394,0.419,0.538,0,overlapping-volley
flona02-20250919T1647-1_pulses,line_site_2_3,526,93332.026,93332.107,18,0.848,0.708,0.819,-0.416,0.540,0.222,0.500,0,"interleaved-2nd-cluster(sil=0.54,min=0.22,il=0.50);overlapping-volley"
flona02-20250919T1647-1_pulses,line_site_2_3,529,93355.369,93355.469,8,0.200,1.032,1.154,-0.492,0.798,0.375,1.000,0,"interleaved-2nd-cluster(sil=0.80,min=0.38,il=1.00);overlapping-volley"
flona02-20250919T1647-1_pulses,line_site_2_3,533,94281.725,94281.876,19,0.796,0.742,1.124,-0.497,0.598,0.158,1.000,0,"interleaved-2nd-cluster(sil=0.60,min=0.16,il=1.00)"
flona02-20250919T1647-1_pulses,line_site_2_3,534,95479.518,95479.766,35,0.819,1.218,1.265,-0.172,0.562,0.286,0.800,1,"interleaved-2nd-cluster(sil=0.56,min=0.29,il=0.80)"
flona02-20250919T1647-1_pulses,line_site_2_3,548,114146.298,114146.350,9,0.882,1.222,1.245,-0.034,0.543,0.444,0.250,1,overlapping-volley
flona02-20250919T1647-1_pulses,line_site_2_3,550,114146.463,114147.944,262,0.836,0.817,1.420,0.263,0.415,0.179,0.277,1,overlapping-volley
flona02-20250919T1647-1_pulses,line_site_2_3,551,114147.981,114148.057,14,0.851,0.880,0.963,-0.463,0.213,0.500,0.714,1,overlapping-volley
flona02-20250919T1647-1_pulses,line_site_2_3,554,114148.326,114148.486,11,0.730,0.329,0.370,-0.780,0.284,0.455,0.800,0,overlapping-volley
flona02-20250919T1647-1_pulses,line_site_2_3,567,117222.819,117222.911,9,0.951,1.158,1.287,-0.727,0.496,0.333,0.667,1,"interleaved-2nd-cluster(sil=0.50,min=0.33,il=0.67);overlapping-volley"
flona02-20250919T1647-1_pulses,line_site_2_3,571,120803.387,120803.436,10,0.762,0.840,0.845,-0.734,0.921,0.200,0.500,0,"interleaved-2nd-cluster(sil=0.92,min=0.20,il=0.50)"
flona02-20250919T1647-1_pulses,line_site_2_3,572,120871.083,120871.130,12,0.755,0.856,0.923,-0.442,0.605,0.250,0.667,0,"interleaved-2nd-cluster(sil=0.61,min=0.25,il=0.67)"
flona02-20250919T1647-1_pulses,line_site_2_3,577,122537.707,122537.825,14,0.954,0.898,1.129,-0.445,0.459,0.286,1.000,0,"interleaved-2nd-cluster(sil=0.46,min=0.29,il=1.00);overlapping-volley"
flona02-20250919T1647-1_pulses,line_site_2_3,591,130887.758,130887.809,10,0.674,1.373,1.412,-0.578,0.710,0.100,1.000,0,"interleaved-2nd-cluster(sil=0.71,min=0.10,il=1.00)"
flona02-20250919T1647-1_pulses,line_site_2_3,597,131393.566,131393.596,10,0.781,0.808,0.810,-0.331,0.496,0.200,0.500,0,"interleaved-2nd-cluster(sil=0.50,min=0.20,il=0.50)"
flona02-20250919T1647-1_pulses,line_site_2_3,600,131653.197,131653.238,12,0.770,1.431,1.445,-0.121,0.406,0.250,0.667,0,overlapping-volley
flona02-20250919T1647-1_pulses,line_site_2_3,612,139118.609,139118.626,8,0.200,0.762,0.800,-0.360,0.474,0.250,0.500,0,"interleaved-2nd-cluster(sil=0.47,min=0.25,il=0.50);overlapping-volley"
flona02-20250919T1647-1_pulses,line_site_2_3,614,139118.844,139119.012,17,0.841,0.687,0.824,-0.373,0.804,0.059,1.000,0,overlapping-volley
flona02-20250919T1647-1_pulses,line_site_2_3,624,146668.111,146668.425,30,0.845,1.234,1.420,-0.446,0.321,0.300,0.444,0,overlapping-volley
flona02-20250919T1647-1_pulses,line_site_2_3,625,146668.459,146668.554,8,0.832,0.884,0.967,-0.727,0.499,0.125,1.000,0,"interleaved-2nd-cluster(sil=0.50,min=0.12,il=1.00);overlapping-volley"
flona02-20250919T1647-1_pulses,line_site_2_3,626,147231.436,147231.545,15,0.762,1.447,1.471,-0.841,0.812,0.133,0.500,0,"interleaved-2nd-cluster(sil=0.81,min=0.13,il=0.50);overlapping-volley"
flona02-20250919T1647-1_pulses,line_site_2_3,628,147247.389,147247.479,12,0.663,1.519,1.532,-0.803,0.785,0.083,1.000,0,"interleaved-2nd-cluster(sil=0.79,min=0.08,il=1.00);overlapping-volley"
flona02-20250919T1647-1_pulses,line_site_2_3,630,147257.072,147257.211,20,0.847,1.317,1.398,-0.552,0.903,0.100,1.000,0,"interleaved-2nd-cluster(sil=0.90,min=0.10,il=1.00)"
flona08-20250915T1652-1_pulses,line_site_3_4,2,11181.892,11181.980,9,0.827,1.287,1.406,-0.717,0.587,0.111,1.000,1,"interleaved-2nd-cluster(sil=0.59,min=0.11,il=1.00);overlapping-volley"
flona08-20250915T1652-1_pulses,line_site_3_4,5,12155.224,12155.265,8,0.725,1.292,1.311,-0.180,0.534,0.125,1.000,0,"interleaved-2nd-cluster(sil=0.53,min=0.12,il=1.00)"
flona08-20250915T1652-1_pulses,line_site_3_4,8,12727.374,12727.465,9,0.729,1.093,1.150,-0.805,0.355,0.333,0.667,2,overlapping-volley
flona08-20250915T1652-1_pulses,line_site_3_4,9,12727.475,12727.580,9,0.842,0.779,0.793,-0.171,0.447,0.222,1.000,2,overlapping-volley
flona08-20250915T1652-1_pulses,line_site_3_4,17,24825.081,24825.155,14,0.674,1.126,1.253,-0.707,0.370,0.214,1.000,0,overlapping-volley
flona08-20250915T1652-1_pulses,line_site_3_4,37,27514.636,27514.738,20,0.749,0.980,1.368,-0.802,0.167,0.450,0.444,0,overlapping-volley
flona08-20250915T1652-1_pulses,line_site_3_4,38,27514.787,27515.263,50,0.804,0.726,1.314,-0.172,0.661,0.060,1.000,0,overlapping-volley
flona08-20250915T1652-1_pulses,line_site_3_4,43,28391.393,28391.453,13,0.841,0.591,0.688,-0.184,0.443,0.308,0.500,0,overlapping-volley
flona08-20250915T1652-1_pulses,line_site_3_4,45,28639.796,28639.834,12,0.832,0.427,0.441,-0.774,0.763,0.083,1.000,0,"interleaved-2nd-cluster(sil=0.76,min=0.08,il=1.00)"
flona08-20250915T1652-1_pulses,line_site_3_4,46,28787.098,28787.152,10,0.775,1.267,1.278,-0.605,0.511,0.200,0.500,0,"interleaved-2nd-cluster(sil=0.51,min=0.20,il=0.50)"
flona08-20250915T1652-1_pulses,line_site_3_4,49,28904.162,28904.184,9,0.762,0.760,0.768,-0.572,0.573,0.222,1.000,0,"interleaved-2nd-cluster(sil=0.57,min=0.22,il=1.00);overlapping-volley"
flona08-20250915T1652-1_pulses,line_site_3_4,51,29178.630,29178.737,11,0.860,0.474,0.527,-0.738,0.243,0.455,0.400,0,overlapping-volley
flona08-20250915T1652-1_pulses,line_site_3_4,53,30782.475,30782.526,14,0.777,1.048,1.104,-0.179,0.469,0.286,0.500,0,"interleaved-2nd-cluster(sil=0.47,min=0.29,il=0.50);overlapping-volley"
flona08-20250915T1652-1_pulses,line_site_3_4,57,31707.909,31707.974,10,0.795,1.467,1.534,-0.628,0.309,0.500,0.200,0,overlapping-volley
flona08-20250915T1652-1_pulses,line_site_3_4,59,32228.456,32228.517,9,0.834,1.079,1.146,-0.181,0.664,0.222,1.000,0,"interleaved-2nd-cluster(sil=0.66,min=0.22,il=1.00)"
flona08-20250915T1652-1_pulses,line_site_3_4,64,33022.763,33022.797,11,0.721,0.776,0.923,-0.463,0.390,0.364,0.500,0,overlapping-volley
flona08-20250915T1652-1_pulses,line_site_3_4,65,33022.889,33023.146,28,0.840,0.875,1.246,-0.426,0.637,0.036,1.000,0,overlapping-volley
flona08-20250915T1652-1_pulses,line_site_3_4,76,84554.772,84554.826,12,0.670,1.450,1.511,-0.118,0.483,0.167,0.500,0,"interleaved-2nd-cluster(sil=0.48,min=0.17,il=0.50)"
flona08-20250915T1652-1_pulses,line_site_3_4,85,87300.719,87300.788,10,0.789,1.466,1.480,-0.700,0.567,0.200,1.000,3,"interleaved-2nd-cluster(sil=0.57,min=0.20,il=1.00);overlapping-volley"
flona08-20250915T1652-1_pulses,line_site_3_4,95,92110.934,92111.042,13,0.776,1.243,1.314,-0.738,0.896,0.154,0.500,1,"interleaved-2nd-cluster(sil=0.90,min=0.15,il=0.50);overlapping-volley"
flona08-20250915T1652-1_pulses,line_site_3_4,114,96052.407,96052.464,9,0.745,0.861,0.862,-0.771,0.468,0.111,1.000,0,"interleaved-2nd-cluster(sil=0.47,min=0.11,il=1.00);overlapping-volley"
flona08-20250915T1652-1_pulses,line_site_3_4,116,96052.759,96052.913,12,0.870,1.160,1.206,-0.805,0.439,0.250,1.000,0,overlapping-volley
flona08-20250915T1652-1_pulses,line_site_3_4,122,97525.997,97526.063,10,0.956,1.051,1.165,-0.151,0.587,0.400,0.250,0,overlapping-volley
flona08-20250915T1652-1_pulses,line_site_3_4,140,100948.126,100948.206,10,0.840,0.458,0.511,-0.480,0.266,0.400,0.750,0,overlapping-volley
flona08-20250915T1652-1_pulses,line_site_3_4,141,100948.233,100948.361,11,0.694,0.560,0.582,-0.275,0.282,0.364,0.500,0,overlapping-volley
flona08-20250915T1652-1_pulses,line_site_3_4,163,101358.505,101358.558,10,0.938,1.336,1.406,-0.390,0.692,0.100,1.000,0,"interleaved-2nd-cluster(sil=0.69,min=0.10,il=1.00);overlapping-volley"
flona08-20250915T1652-1_pulses,line_site_3_4,175,103028.100,103028.154,9,0.815,1.015,1.040,-0.777,0.610,0.333,1.000,0,"interleaved-2nd-cluster(sil=0.61,min=0.33,il=1.00)"
flona08-20250915T1652-1_pulses,line_site_3_4,180,103845.457,103845.570,26,0.734,1.058,1.166,-0.625,0.484,0.346,0.667,0,"interleaved-2nd-cluster(sil=0.48,min=0.35,il=0.67)"
flona08-20250915T1652-1_pulses,line_site_3_4,182,103991.846,103991.944,13,0.902,0.846,0.880,-0.548,0.519,0.077,1.000,0,overlapping-volley
flona08-20250915T1652-1_pulses,line_site_3_4,183,104010.186,104010.233,14,0.653,0.713,1.247,-0.619,0.400,0.429,0.667,1,overlapping-volley
flona08-20250915T1652-1_pulses,line_site_3_4,184,104010.324,104010.409,11,0.934,1.106,1.237,-0.507,0.698,0.091,1.000,1,"interleaved-2nd-cluster(sil=0.70,min=0.09,il=1.00);overlapping-volley"
flona08-20250915T1652-1_pulses,line_site_3_4,188,104026.805,104026.896,9,0.913,0.625,0.672,-0.441,0.442,0.111,1.000,2,overlapping-volley
flona08-20250915T1652-1_pulses,line_site_3_4,191,105151.798,105151.838,8,0.710,0.811,0.851,-0.743,0.823,0.250,0.500,0,"interleaved-2nd-cluster(sil=0.82,min=0.25,il=0.50);overlapping-volley"
flona08-20250915T1652-1_pulses,line_site_3_4,192,105151.945,105152.028,12,0.759,0.771,0.840,-0.925,0.334,0.167,1.000,0,overlapping-volley
flona08-20250915T1652-1_pulses,line_site_3_4,193,106179.851,106180.028,24,0.771,1.268,1.397,-0.557,0.807,0.208,0.200,2,overlapping-volley
flona08-20250915T1652-1_pulses,line_site_3_4,194,106180.036,106180.108,8,0.911,1.217,1.356,-0.728,0.262,0.500,0.750,2,overlapping-volley
flona08-20250915T1652-1_pulses,line_site_3_4,195,106180.829,106180.955,27,0.780,0.785,1.028,-0.482,0.525,0.444,0.250,3,overlapping-volley
flona08-20250915T1652-1_pulses,line_site_3_4,197,106412.786,106413.029,41,0.843,0.867,1.095,-0.348,0.637,0.073,1.000,0,overlapping-volley
flona08-20250915T1652-1_pulses,line_site_3_4,198,106413.077,106413.255,16,0.915,0.513,0.692,-0.589,0.471,0.188,1.000,0,"interleaved-2nd-cluster(sil=0.47,min=0.19,il=1.00);overlapping-volley"
flona08-20250915T1652-1_pulses,line_site_3_4,200,106776.923,106776.999,20,0.735,0.658,0.774,-0.647,0.544,0.250,0.400,1,overlapping-volley
flona08-20250915T1652-1_pulses,line_site_3_4,201,106777.091,106777.193,14,0.919,0.439,0.494,-0.009,0.592,0.429,0.167,1,overlapping-volley
flona08-20250915T1652-1_pulses,line_site_3_4,202,106971.670,106971.778,24,0.778,1.103,1.340,-0.681,0.768,0.083,0.500,0,"interleaved-2nd-cluster(sil=0.77,min=0.08,il=0.50)"
flona08-20250915T1652-1_pulses,line_site_3_4,204,107129.077,107129.151,22,0.811,0.675,0.827,-0.479,0.716,0.273,0.500,0,"interleaved-2nd-cluster(sil=0.72,min=0.27,il=0.50)"
flona08-20250915T1652-1_pulses,line_site_3_4,205,107149.399,107149.459,12,0.682,1.248,1.433,-0.107,0.606,0.167,0.500,0,"interleaved-2nd-cluster(sil=0.61,min=0.17,il=0.50);overlapping-volley"
flona08-20250915T1652-1_pulses,line_site_3_4,206,107149.519,107149.636,20,0.771,0.655,0.729,-0.589,0.561,0.150,0.667,0,"interleaved-2nd-cluster(sil=0.56,min=0.15,il=0.67);overlapping-volley"
flona08-20250915T1652-1_pulses,line_site_3_4,211,108265.611,108265.668,11,0.777,0.839,0.842,-0.687,0.454,0.455,0.600,0,"interleaved-2nd-cluster(sil=0.45,min=0.45,il=0.60)"
flona08-20250915T1652-1_pulses,line_site_3_4,218,108891.263,108891.309,12,0.802,1.249,1.460,-0.169,0.337,0.333,0.250,0,overlapping-volley
flona08-20250915T1652-1_pulses,line_site_3_4,223,108963.703,108963.772,10,0.785,1.513,1.518,-0.415,0.473,0.300,0.667,0,"interleaved-2nd-cluster(sil=0.47,min=0.30,il=0.67)"
flona08-20250915T1652-1_pulses,line_site_3_4,225,109084.060,109084.122,12,0.794,1.246,1.334,-0.734,0.652,0.167,0.500,0,"interleaved-2nd-cluster(sil=0.65,min=0.17,il=0.50);overlapping-volley"
flona08-20250915T1652-1_pulses,line_site_3_4,226,109084.316,109085.039,131,0.806,0.934,1.256,-0.131,0.574,0.084,0.545,0,"interleaved-2nd-cluster(sil=0.57,min=0.08,il=0.55);overlapping-volley"
flona08-20250915T1652-1_pulses,line_site_3_4,238,110274.210,110274.761,71,0.796,1.007,1.349,-0.018,0.654,0.056,0.750,1,overlapping-volley
flona08-20250915T1652-1_pulses,line_site_3_4,255,111157.027,111157.098,8,0.772,0.627,0.715,-0.734,0.636,0.125,1.000,0,"interleaved-2nd-cluster(sil=0.64,min=0.12,il=1.00);overlapping-volley"
flona08-20250915T1652-1_pulses,line_site_3_4,256,111842.625,111842.766,27,0.763,0.897,0.995,-0.461,0.405,0.148,0.500,0,overlapping-volley
flona08-20250915T1652-1_pulses,line_site_3_4,258,111860.988,111861.017,8,0.754,1.326,1.382,-0.654,0.516,0.125,1.000,0,"interleaved-2nd-cluster(sil=0.52,min=0.12,il=1.00)"
flona08-20250915T1652-1_pulses,line_site_3_4,264,112210.740,112210.815,12,0.821,1.227,1.257,-0.564,0.779,0.167,0.500,3,"interleaved-2nd-cluster(sil=0.78,min=0.17,il=0.50);overlapping-volley"
flona08-20250915T1652-1_pulses,line_site_3_4,265,112210.805,112210.889,11,0.831,1.143,1.287,-0.265,0.497,0.364,0.750,3,"interleaved-2nd-cluster(sil=0.50,min=0.36,il=0.75);overlapping-volley"
flona08-20250915T1652-1_pulses,line_site_3_4,267,112505.777,112505.831,8,0.870,1.161,1.191,-0.467,0.742,0.250,1.000,0,"interleaved-2nd-cluster(sil=0.74,min=0.25,il=1.00);overlapping-volley"
flona08-20250915T1652-1_pulses,line_site_3_4,268,112505.870,112505.963,12,0.828,1.558,1.567,-0.512,0.482,0.083,1.000,0,"interleaved-2nd-cluster(sil=0.48,min=0.08,il=1.00);overlapping-volley"
flona08-20250915T1652-1_pulses,line_site_3_4,271,113767.803,113768.182,54,0.808,1.220,1.479,-0.210,0.733,0.037,0.500,0,overlapping-volley
flona08-20250915T1652-1_pulses,line_site_3_4,273,113768.251,113768.314,10,0.804,1.175,1.250,-0.555,0.244,0.400,0.750,0,overlapping-volley
flona08-20250915T1652-1_pulses,line_site_3_4,274,113768.347,113769.592,121,0.858,0.695,0.879,-0.099,0.617,0.132,0.812,0,"interleaved-2nd-cluster(sil=0.62,min=0.13,il=0.81);overlapping-volley"
flona08-20250915T1652-1_pulses,line_site_3_4,275,113769.675,113769.811,8,0.839,0.244,0.255,-0.700,0.327,0.125,1.000,0,overlapping-volley
flona08-20250915T1652-1_pulses,line_site_3_4,281,114531.498,114531.567,17,0.765,0.622,0.626,-0.176,0.632,0.235,0.500,0,"interleaved-2nd-cluster(sil=0.63,min=0.24,il=0.50);overlapping-volley"
flona08-20250915T1652-1_pulses,line_site_3_4,288,117258.332,117258.418,18,0.798,1.322,1.419,-0.185,0.724,0.111,0.500,0,"interleaved-2nd-cluster(sil=0.72,min=0.11,il=0.50);overlapping-volley"
flona08-20250915T1652-1_pulses,line_site_3_4,291,117540.655,117540.747,20,0.787,1.171,1.478,-0.485,0.763,0.050,1.000,0,overlapping-volley
flona08-20250915T1652-1_pulses,line_site_3_4,294,118529.581,118529.621,12,0.764,1.115,1.191,-0.255,0.860,0.083,1.000,2,"interleaved-2nd-cluster(sil=0.86,min=0.08,il=1.00);overlapping-volley"
flona08-20250915T1652-1_pulses,line_site_3_4,297,118529.899,118530.050,15,0.786,0.824,1.083,-0.340,0.630,0.133,1.000,2,"interleaved-2nd-cluster(sil=0.63,min=0.13,il=1.00);overlapping-volley"
flona08-20250915T1652-1_pulses,line_site_3_4,298,120204.902,120205.048,21,0.823,1.520,1.534,-0.751,0.471,0.143,0.667,0,"interleaved-2nd-cluster(sil=0.47,min=0.14,il=0.67)"
flona08-20250915T1652-1_pulses,line_site_3_4,301,120671.135,120671.208,14,0.823,0.772,0.824,-0.373,0.541,0.286,0.500,1,"interleaved-2nd-cluster(sil=0.54,min=0.29,il=0.50)"
flona08-20250915T1652-1_pulses,line_site_3_4,307,121437.320,121437.394,16,0.827,0.814,1.019,-0.558,0.733,0.250,0.500,0,"interleaved-2nd-cluster(sil=0.73,min=0.25,il=0.50)"
flona08-20250915T1652-1_pulses,line_site_3_4,314,123734.700,123734.805,14,0.807,0.956,0.999,-0.620,0.674,0.143,1.000,0,"interleaved-2nd-cluster(sil=0.67,min=0.14,il=1.00);overlapping-volley"
flona08-20250915T1652-1_pulses,line_site_3_4,326,126330.940,126331.090,27,0.859,1.317,1.466,-0.487,0.505,0.037,1.000,0,overlapping-volley
flona08-20250915T1652-1_pulses,line_site_3_4,328,126331.178,126331.278,14,0.939,0.402,0.412,-0.288,0.369,0.357,0.800,0,overlapping-volley
flona08-20250915T1652-1_pulses,line_site_3_4,331,127339.107,127339.125,9,0.775,0.314,0.378,-0.767,0.496,0.222,0.500,1,"interleaved-2nd-cluster(sil=0.50,min=0.22,il=0.50);overlapping-volley"
flona08-20250915T1652-1_pulses,line_site_3_4,347,145213.762,145213.798,10,0.650,1.077,1.094,-0.710,0.324,0.200,0.500,0,overlapping-volley
flona08-20250915T1652-1_pulses,line_site_3_4,348,145213.918,145214.136,28,0.808,0.366,0.549,-0.645,0.545,0.214,0.833,0,"interleaved-2nd-cluster(sil=0.54,min=0.21,il=0.83);overlapping-volley"
flona08-20250915T1652-1_pulses,line_site_3_4,349,145214.164,145214.624,39,0.821,0.377,0.499,-0.323,0.529,0.282,0.727,0,"interleaved-2nd-cluster(sil=0.53,min=0.28,il=0.73);overlapping-volley"
flona08-20250915T1652-1_pulses,line_site_3_4,372,160932.977,160933.066,20,0.766,0.761,0.769,-0.503,0.789,0.100,0.500,0,"interleaved-2nd-cluster(sil=0.79,min=0.10,il=0.50);overlapping-volley"
flona15-20250917T1623-1_pulses,line_site_3_4,8,16777.342,16777.392,11,0.715,1.260,1.277,-0.215,0.489,0.182,0.500,0,"interleaved-2nd-cluster(sil=0.49,min=0.18,il=0.50)"
flona15-20250917T1623-1_pulses,line_site_3_4,12,23113.496,23113.556,10,0.749,1.346,1.446,-0.565,0.616,0.100,1.000,0,"interleaved-2nd-cluster(sil=0.62,min=0.10,il=1.00)"
flona15-20250917T1623-1_pulses,line_site_3_4,18,29599.368,29599.442,9,0.672,1.328,1.342,-0.797,0.591,0.111,1.000,0,"interleaved-2nd-cluster(sil=0.59,min=0.11,il=1.00);overlapping-volley"
flona15-20250917T1623-1_pulses,line_site_3_4,19,29599.687,29600.023,37,0.756,0.862,1.075,-0.416,0.745,0.027,1.000,0,overlapping-volley
flona15-20250917T1623-1_pulses,line_site_3_4,29,34502.466,34502.774,34,0.848,0.845,1.434,-0.179,0.867,0.088,1.000,0,"interleaved-2nd-cluster(sil=0.87,min=0.09,il=1.00);overlapping-volley"
flona15-20250917T1623-1_pulses,line_site_3_4,31,34503.481,34503.847,49,0.781,0.908,0.994,-0.115,0.613,0.245,0.667,1,"interleaved-2nd-cluster(sil=0.61,min=0.24,il=0.67);overlapping-volley"
flona15-20250917T1623-1_pulses,line_site_3_4,37,34540.023,34540.214,31,0.790,1.025,1.233,-0.406,0.672,0.258,0.750,0,"interleaved-2nd-cluster(sil=0.67,min=0.26,il=0.75);overlapping-volley"
flona15-20250917T1623-1_pulses,line_site_3_4,38,34540.280,34540.374,10,0.813,0.372,0.383,-0.451,0.600,0.100,1.000,0,"interleaved-2nd-cluster(sil=0.60,min=0.10,il=1.00);overlapping-volley"
flona15-20250917T1623-1_pulses,line_site_3_4,41,34540.615,34540.761,10,0.734,0.638,0.702,-0.800,0.846,0.100,1.000,0,"interleaved-2nd-cluster(sil=0.85,min=0.10,il=1.00);overlapping-volley"
flona15-20250917T1623-1_pulses,line_site_3_4,43,34541.012,34541.374,39,0.781,0.502,0.663,-0.216,0.843,0.077,1.000,0,overlapping-volley
flona15-20250917T1623-1_pulses,line_site_3_4,48,34541.764,34542.132,35,0.845,0.424,0.483,0.143,0.911,0.086,1.000,0,"interleaved-2nd-cluster(sil=0.91,min=0.09,il=1.00);overlapping-volley"
flona15-20250917T1623-1_pulses,line_site_3_4,61,35712.474,35712.541,8,0.870,1.176,1.224,-0.368,0.697,0.125,1.000,0,"interleaved-2nd-cluster(sil=0.70,min=0.12,il=1.00)"
flona15-20250917T1623-1_pulses,line_site_3_4,66,44862.518,44862.680,33,0.831,0.950,1.045,0.091,0.738,0.091,0.667,0,"interleaved-2nd-cluster(sil=0.74,min=0.09,il=0.67);overlapping-volley"
flona15-20250917T1623-1_pulses,line_site_3_4,70,93781.029,93781.125,11,0.938,0.811,0.963,-0.061,0.508,0.273,1.000,1,"interleaved-2nd-cluster(sil=0.51,min=0.27,il=1.00);overlapping-volley"
flona15-20250917T1623-1_pulses,line_site_3_4,74,94297.295,94297.391,9,0.808,0.943,0.995,-0.270,0.707,0.111,1.000,0,"interleaved-2nd-cluster(sil=0.71,min=0.11,il=1.00);overlapping-volley"
flona15-20250917T1623-1_pulses,line_site_3_4,75,94985.803,94985.951,37,0.802,0.644,0.731,-0.003,0.600,0.216,0.500,0,"interleaved-2nd-cluster(sil=0.60,min=0.22,il=0.50)"
flona15-20250917T1623-1_pulses,line_site_3_4,77,97514.036,97514.101,11,0.863,1.416,1.472,-0.399,0.668,0.091,1.000,0,"interleaved-2nd-cluster(sil=0.67,min=0.09,il=1.00)"
flona15-20250917T1623-1_pulses,line_site_3_4,80,101210.225,101210.239,8,0.816,0.050,0.053,-0.507,0.452,0.500,0.250,2,overlapping-volley
flona15-20250917T1623-1_pulses,line_site_3_4,84,102889.638,102889.751,13,0.809,0.777,0.778,-0.704,0.719,0.077,1.000,1,overlapping-volley
flona15-20250917T1623-1_pulses,line_site_3_4,86,102889.865,102890.269,62,0.754,1.020,1.328,-0.266,0.778,0.048,1.000,1,overlapping-volley
flona15-20250917T1623-1_pulses,line_site_3_4,90,102890.465,102890.558,9,0.780,0.609,0.616,-0.701,0.662,0.444,0.750,1,"interleaved-2nd-cluster(sil=0.66,min=0.44,il=0.75);overlapping-volley"
flona15-20250917T1623-1_pulses,line_site_3_4,99,103755.464,103755.493,13,0.750,0.682,0.862,-0.555,0.842,0.077,1.000,0,overlapping-volley
flona15-20250917T1623-1_pulses,line_site_3_4,100,103755.571,103755.636,13,0.769,0.865,1.207,-0.145,0.564,0.077,1.000,0,overlapping-volley
flona15-20250917T1623-1_pulses,line_site_3_4,101,103755.709,103755.968,34,0.888,0.740,1.224,-0.333,0.753,0.029,1.000,0,overlapping-volley
flona15-20250917T1623-1_pulses,line_site_3_4,102,104091.723,104091.838,23,0.886,1.237,1.508,-0.207,0.789,0.130,0.667,0,"interleaved-2nd-cluster(sil=0.79,min=0.13,il=0.67)"
flona15-20250917T1623-1_pulses,line_site_3_4,110,107319.821,107319.915,11,0.899,1.263,1.413,-0.437,0.568,0.364,1.000,1,"interleaved-2nd-cluster(sil=0.57,min=0.36,il=1.00);overlapping-volley"
flona15-20250917T1623-1_pulses,line_site_3_4,112,107351.438,107351.471,8,0.735,0.878,0.991,-0.211,0.556,0.125,1.000,0,"interleaved-2nd-cluster(sil=0.56,min=0.12,il=1.00)"
flona15-20250917T1623-1_pulses,line_site_3_4,117,112607.448,112607.671,41,0.811,0.893,1.042,-0.346,0.543,0.073,0.667,0,overlapping-volley
flona15-20250917T1623-1_pulses,line_site_3_4,121,113559.569,113559.624,14,0.723,1.107,1.135,-0.386,0.689,0.143,0.500,0,"interleaved-2nd-cluster(sil=0.69,min=0.14,il=0.50);overlapping-volley"
flona15-20250917T1623-1_pulses,line_site_3_4,122,113559.703,113560.000,39,0.891,0.431,0.780,-0.101,0.766,0.026,1.000,0,overlapping-volley
flona15-20250917T1623-1_pulses,line_site_3_4,123,113560.066,113560.229,19,0.960,0.503,0.618,-0.045,0.362,0.421,0.500,1,overlapping-volley
flona15-20250917T1623-1_pulses,line_site_3_4,124,113560.289,113560.474,14,0.873,1.181,1.426,-0.838,0.727,0.071,1.000,1,overlapping-volley
flona15-20250917T1623-1_pulses,line_site_3_4,125,113560.508,113560.670,11,0.801,0.161,0.174,-0.222,0.607,0.091,1.000,1,"interleaved-2nd-cluster(sil=0.61,min=0.09,il=1.00);overlapping-volley"
flona15-20250917T1623-1_pulses,line_site_3_4,129,113561.478,113561.521,8,0.858,1.007,1.014,0.079,0.509,0.500,0.500,1,"interleaved-2nd-cluster(sil=0.51,min=0.50,il=0.50);overlapping-volley"
flona15-20250917T1623-1_pulses,line_site_3_4,137,113562.352,113562.609,17,0.749,0.211,0.212,-0.394,0.543,0.471,0.250,1,overlapping-volley
flona15-20250917T1623-1_pulses,line_site_3_4,138,113562.636,113563.187,69,0.753,1.028,1.151,-0.029,0.802,0.058,0.750,1,overlapping-volley
flona15-20250917T1623-1_pulses,line_site_3_4,142,113563.073,113563.332,32,0.762,1.000,1.013,-0.649,0.528,0.250,0.625,1,"interleaved-2nd-cluster(sil=0.53,min=0.25,il=0.62);overlapping-volley"
flona15-20250917T1623-1_pulses,line_site_3_4,150,113564.794,113564.929,10,0.949,0.693,0.739,0.111,0.795,0.100,1.000,2,"interleaved-2nd-cluster(sil=0.80,min=0.10,il=1.00);overlapping-volley"
flona15-20250917T1623-1_pulses,line_site_3_4,152,113565.110,113565.696,85,0.792,0.389,0.737,0.350,0.684,0.082,0.857,3,"interleaved-2nd-cluster(sil=0.68,min=0.08,il=0.86);overlapping-volley"
flona15-20250917T1623-1_pulses,line_site_3_4,160,113567.393,113567.621,20,0.840,0.802,1.046,-0.706,0.333,0.500,0.300,3,overlapping-volley
flona15-20250917T1623-1_pulses,line_site_3_4,161,113567.648,113568.139,73,0.809,0.433,0.814,-0.083,0.329,0.384,0.393,3,overlapping-volley
flona15-20250917T1623-1_pulses,line_site_3_4,170,113570.015,113570.758,97,0.891,0.330,0.786,0.137,0.430,0.474,0.174,3,overlapping-volley
flona15-20250917T1623-1_pulses,line_site_3_4,176,113572.846,113573.394,87,0.846,0.270,0.652,0.015,0.681,0.080,1.000,1,"interleaved-2nd-cluster(sil=0.68,min=0.08,il=1.00);overlapping-volley"
flona15-20250917T1623-1_pulses,line_site_3_4,181,113575.476,113576.117,91,0.875,0.221,0.783,0.198,0.772,0.033,1.000,1,overlapping-volley
flona15-20250917T1623-1_pulses,line_site_3_4,184,113578.233,113579.042,115,0.831,0.679,1.063,0.123,0.432,0.322,0.405,1,overlapping-volley
flona15-20250917T1623-1_pulses,line_site_3_4,186,113581.434,113582.689,112,0.880,0.357,0.730,0.373,0.493,0.402,0.244,1,overlapping-volley
flona15-20250917T1623-1_pulses,line_site_3_4,188,113585.837,113586.115,29,0.879,0.474,0.667,-0.281,0.869,0.034,1.000,1,overlapping-volley
flona15-20250917T1623-1_pulses,line_site_3_4,189,113586.123,113586.244,14,0.718,0.923,0.947,-0.458,0.695,0.071,1.000,1,overlapping-volley
flona15-20250917T1623-1_pulses,line_site_3_4,191,113586.250,113586.717,69,0.808,0.502,0.718,-0.085,0.594,0.072,1.000,1,overlapping-volley
flona15-20250917T1623-1_pulses,line_site_3_4,192,113586.747,113586.849,14,0.812,0.060,0.063,-0.712,0.802,0.071,1.000,1,overlapping-volley
flona15-20250917T1623-1_pulses,line_site_3_4,193,113586.874,113587.185,23,0.845,0.760,0.822,-0.155,0.674,0.087,1.000,1,"interleaved-2nd-cluster(sil=0.67,min=0.09,il=1.00);overlapping-volley"
flona15-20250917T1623-1_pulses,line_site_3_4,195,113591.047,113591.911,105,0.842,0.298,0.613,0.338,0.624,0.076,0.875,0,overlapping-volley
flona15-20250917T1623-1_pulses,line_site_3_4,197,113595.463,113596.524,111,0.785,0.727,0.953,0.038,0.442,0.369,0.220,0,overlapping-volley
flona15-20250917T1623-1_pulses,line_site_3_4,199,113606.422,113607.187,108,0.888,0.621,0.945,0.046,0.739,0.111,0.583,0,"interleaved-2nd-cluster(sil=0.74,min=0.11,il=0.58)"
flona15-20250917T1623-1_pulses,line_site_3_4,201,113623.108,113623.625,70,0.864,0.380,0.612,0.136,0.571,0.314,0.091,0,overlapping-volley
flona15-20250917T1623-1_pulses,line_site_3_4,202,113623.652,113623.837,15,0.851,0.265,0.290,-0.223,0.657,0.400,0.167,0,overlapping-volley
flona15-20250917T1623-1_pulses,line_site_3_4,204,113629.764,113630.524,91,0.853,0.800,1.335,0.173,0.631,0.396,0.028,1,overlapping-volley
flona15-20250917T1623-1_pulses,line_site_3_4,208,113635.860,113636.266,61,0.794,0.380,0.661,-0.545,0.447,0.311,0.579,0,overlapping-volley
flona15-20250917T1623-1_pulses,line_site_3_4,209,113636.436,113636.603,16,0.817,0.315,0.351,-0.541,0.548,0.250,0.250,0,overlapping-volley
flona15-20250917T1623-1_pulses,line_site_3_4,210,113640.127,113640.750,72,0.920,0.725,1.015,0.179,0.611,0.264,0.316,1,overlapping-volley
flona15-20250917T1623-1_pulses,line_site_3_4,215,113644.308,113644.778,44,0.731,0.720,0.822,-0.222,0.624,0.295,0.154,2,overlapping-volley
flona15-20250917T1623-1_pulses,line_site_3_4,217,113648.786,113648.870,9,0.799,0.693,0.728,-0.560,0.620,0.111,1.000,1,"interleaved-2nd-cluster(sil=0.62,min=0.11,il=1.00);overlapping-volley"
flona15-20250917T1623-1_pulses,line_site_3_4,218,113652.730,113652.917,14,0.898,0.367,0.430,-0.857,0.669,0.071,1.000,0,overlapping-volley
flona15-20250917T1623-1_pulses,line_site_3_4,220,113653.127,113653.251,9,0.853,0.462,0.539,-0.681,0.483,0.222,0.500,0,"interleaved-2nd-cluster(sil=0.48,min=0.22,il=0.50);overlapping-volley"
flona15-20250917T1623-1_pulses,line_site_3_4,222,113653.706,113653.834,8,0.818,0.096,0.109,-0.565,0.524,0.125,1.000,0,"interleaved-2nd-cluster(sil=0.52,min=0.12,il=1.00);overlapping-volley"
flona15-20250917T1623-1_pulses,line_site_3_4,223,113653.877,113654.080,12,0.762,0.119,0.127,-0.693,0.717,0.083,1.000,0,"interleaved-2nd-cluster(sil=0.72,min=0.08,il=1.00);overlapping-volley"
flona15-20250917T1623-1_pulses,line_site_3_4,228,113656.951,113657.556,35,0.844,0.152,0.200,-0.142,0.693,0.229,0.125,0,overlapping-volley
flona15-20250917T1623-1_pulses,line_site_3_4,238,113665.440,113666.038,46,0.691,0.700,0.822,-0.415,0.763,0.283,0.077,1,overlapping-volley
flona15-20250917T1623-1_pulses,line_site_3_4,244,113693.380,113693.461,8,0.769,0.706,0.709,-0.821,0.388,0.250,0.500,2,overlapping-volley
flona15-20250917T1623-1_pulses,line_site_3_4,251,113750.116,113750.262,11,0.798,0.291,0.377,-0.603,0.435,0.273,1.000,1,overlapping-volley
flona15-20250917T1623-1_pulses,line_site_3_4,257,113754.812,113755.000,13,0.928,0.786,0.855,-0.052,0.467,0.385,0.200,0,overlapping-volley
flona15-20250917T1623-1_pulses,line_site_3_4,262,113755.686,113756.178,28,0.904,0.278,0.303,-0.628,0.394,0.429,0.167,0,overlapping-volley
flona15-20250917T1623-1_pulses,line_site_3_4,274,113764.134,113765.112,114,0.823,0.703,1.192,0.067,0.423,0.386,0.432,0,overlapping-volley
flona15-20250917T1623-1_pulses,line_site_3_4,278,113794.253,113794.302,13,0.788,1.035,1.174,-0.192,0.393,0.385,0.400,0,overlapping-volley
flona15-20250917T1623-1_pulses,line_site_3_4,285,113930.328,113930.473,14,0.933,0.673,0.853,-0.183,0.409,0.357,1.000,0,overlapping-volley
flona15-20250917T1623-1_pulses,line_site_3_4,291,113960.092,113960.131,12,0.856,1.123,1.262,-0.260,0.433,0.167,0.500,1,overlapping-volley
flona15-20250917T1623-1_pulses,line_site_3_4,299,113964.417,113964.492,8,0.930,0.695,0.761,-0.296,0.492,0.375,0.667,1,"interleaved-2nd-cluster(sil=0.49,min=0.38,il=0.67);overlapping-volley"
flona15-20250917T1623-1_pulses,line_site_3_4,301,113965.120,113965.341,20,0.905,0.789,0.856,-0.453,0.320,0.450,0.444,0,overlapping-volley
flona15-20250917T1623-1_pulses,line_site_3_4,302,113966.129,113966.173,13,0.796,0.691,0.765,-0.717,0.242,0.385,0.600,0,overlapping-volley
flona15-20250917T1623-1_pulses,line_site_3_4,310,113983.205,113983.323,15,0.722,1.266,1.366,-0.642,0.803,0.067,1.000,1,overlapping-volley
flona15-20250917T1623-1_pulses,line_site_3_4,311,113983.354,113983.382,9,0.834,0.769,0.816,-0.339,0.310,0.444,0.250,1,overlapping-volley
flona15-20250917T1623-1_pulses,line_site_3_4,312,113983.409,113983.475,8,0.711,1.077,1.116,-0.961,0.357,0.500,0.500,1,overlapping-volley
flona15-20250917T1623-1_pulses,line_site_3_4,313,113983.554,113983.663,18,0.833,1.418,1.446,-0.443,0.783,0.056,1.000,1,overlapping-volley
flona15-20250917T1623-1_pulses,line_site_3_4,326,117471.206,117471.302,17,0.801,1.297,1.435,-0.520,0.802,0.118,1.000,0,"interleaved-2nd-cluster(sil=0.80,min=0.12,il=1.00);overlapping-volley"
flona15-20250917T1623-1_pulses,line_site_3_4,327,117471.334,117471.451,23,0.815,0.510,0.528,-0.367,0.777,0.087,0.500,0,"interleaved-2nd-cluster(sil=0.78,min=0.09,il=0.50);overlapping-volley"
flona15-20250917T1623-1_pulses,line_site_3_4,337,128575.741,128576.637,116,0.826,1.137,1.370,0.180,0.859,0.026,0.667,1,overlapping-volley
flona15-20250917T1623-1_pulses,line_site_3_4,343,128942.279,128942.442,31,0.761,0.971,1.005,-0.458,0.471,0.258,0.500,0,"interleaved-2nd-cluster(sil=0.47,min=0.26,il=0.50)"
flona15-20250917T1623-1_pulses,line_site_3_4,344,129150.704,129150.924,41,0.861,0.849,1.083,-0.190,0.753,0.073,1.000,0,overlapping-volley
flona15-20250917T1623-1_pulses,line_site_3_4,348,130201.059,130201.473,76,0.835,0.851,1.148,-0.088,0.680,0.105,0.875,0,"interleaved-2nd-cluster(sil=0.68,min=0.11,il=0.88)"
flona15-20250917T1623-1_pulses,line_site_3_4,349,130408.779,130409.033,22,0.922,1.313,1.394,-0.666,0.445,0.500,0.364,1,overlapping-volley
flona15-20250917T1623-1_pulses,line_site_3_4,352,130572.196,130572.235,11,0.708,0.922,0.934,-0.200,0.355,0.455,0.400,1,overlapping-volley
flona15-20250917T1623-1_pulses,line_site_3_4,355,130572.368,130573.390,203,0.842,0.681,0.733,0.211,0.794,0.034,0.571,1,overlapping-volley
flona15-20250917T1623-1_pulses,line_site_3_4,357,130573.455,130573.564,9,0.781,0.196,0.209,-0.601,0.604,0.111,1.000,1,"interleaved-2nd-cluster(sil=0.60,min=0.11,il=1.00);overlapping-volley"
flona15-20250917T1623-1_pulses,line_site_3_4,365,131023.219,131023.246,8,0.808,0.562,0.656,-0.761,0.778,0.500,0.250,0,overlapping-volley
flona15-20250917T1623-1_pulses,line_site_3_4,366,131023.358,131023.531,22,0.933,0.484,0.614,-0.476,0.408,0.500,0.364,0,overlapping-volley
flona15-20250917T1623-1_pulses,line_site_3_4,368,131024.030,131024.179,29,0.813,1.317,1.373,-0.496,0.603,0.276,0.625,0,"interleaved-2nd-cluster(sil=0.60,min=0.28,il=0.62);overlapping-volley"
flona15-20250917T1623-1_pulses,line_site_3_4,372,134869.528,134869.652,12,0.784,0.970,1.000,-0.762,0.716,0.083,1.000,0,"interleaved-2nd-cluster(sil=0.72,min=0.08,il=1.00);overlapping-volley"
flona15-20250917T1623-1_pulses,line_site_3_4,374,135295.585,135295.661,16,0.782,1.015,1.295,-0.099,0.708,0.062,1.000,0,overlapping-volley
flona15-20250917T1623-1_pulses,line_site_3_4,375,135295.738,135296.077,39,0.797,0.820,0.943,0.112,0.568,0.179,0.857,0,"interleaved-2nd-cluster(sil=0.57,min=0.18,il=0.86);overlapping-volley"
flona15-20250917T1623-1_pulses,line_site_3_4,377,138168.627,138168.684,9,0.755,0.867,0.886,-0.848,0.834,0.222,0.500,0,"interleaved-2nd-cluster(sil=0.83,min=0.22,il=0.50)"
flona15-20250917T1623-1_pulses,line_site_3_4,378,138496.262,138496.380,23,0.578,1.155,1.280,-0.704,0.476,0.174,0.750,0,"interleaved-2nd-cluster(sil=0.48,min=0.17,il=0.75)"
flona15-20250917T1623-1_pulses,line_site_3_4,379,142469.375,142469.481,25,0.847,0.911,1.003,-0.072,0.602,0.120,0.667,0,"interleaved-2nd-cluster(sil=0.60,min=0.12,il=0.67);overlapping-volley"
flona15-20250917T1623-1_pulses,line_site_3_4,381,143723.168,143723.541,53,0.838,1.087,1.527,0.131,0.540,0.226,0.667,0,"interleaved-2nd-cluster(sil=0.54,min=0.23,il=0.67)"
flona15-20250917T1623-1_pulses,line_site_3_4,382,145247.292,145247.330,10,0.815,0.697,0.705,-0.043,0.586,0.200,0.500,0,"interleaved-2nd-cluster(sil=0.59,min=0.20,il=0.50);overlapping-volley"
flona15-20250917T1623-1_pulses,line_site_3_4,383,145247.475,145247.543,14,0.829,0.742,0.790,-0.240,0.679,0.071,1.000,0,overlapping-volley
flona15-20250917T1623-1_pulses,line_site_3_4,384,145247.571,145247.638,11,0.812,0.761,0.978,-0.537,0.774,0.091,1.000,0,"interleaved-2nd-cluster(sil=0.77,min=0.09,il=1.00);overlapping-volley"
flona15-20250917T1623-1_pulses,line_site_3_4,386,145247.829,145248.053,33,0.781,1.273,1.590,-0.159,0.712,0.121,0.500,0,"interleaved-2nd-cluster(sil=0.71,min=0.12,il=0.50);overlapping-volley"
flona15-20250917T1623-1_pulses,line_site_3_4,393,145747.436,145747.464,9,0.852,0.516,0.667,-0.377,0.726,0.333,0.667,0,"interleaved-2nd-cluster(sil=0.73,min=0.33,il=0.67);overlapping-volley"
flona15-20250917T1623-1_pulses,line_site_3_4,397,147031.320,147031.350,9,0.820,0.613,0.621,-0.465,0.737,0.222,0.500,0,"interleaved-2nd-cluster(sil=0.74,min=0.22,il=0.50)"
flona15-20250917T1623-1_pulses,line_site_3_4,400,147091.902,147091.931,10,0.764,0.726,0.744,-0.527,0.357,0.100,1.000,0,overlapping-volley
flona15-20250917T1623-1_pulses,line_site_3_4,407,150670.194,150670.236,12,0.863,1.004,1.007,-0.623,0.672,0.083,1.000,0,"interleaved-2nd-cluster(sil=0.67,min=0.08,il=1.00);overlapping-volley"
flona15-20250917T1623-1_pulses,line_site_3_4,408,150670.631,150671.046,53,0.810,0.609,0.845,0.110,0.266,0.377,0.550,0,overlapping-volley
flona15-20250917T1623-1_pulses,line_site_3_4,415,150771.186,150771.269,8,0.929,0.733,0.739,-0.422,0.624,0.125,1.000,0,"interleaved-2nd-cluster(sil=0.62,min=0.12,il=1.00);overlapping-volley"
flona15-20250917T1623-1_pulses,line_site_3_4,420,150872.707,150873.178,46,0.905,1.037,1.085,-0.137,0.638,0.087,1.000,0,"interleaved-2nd-cluster(sil=0.64,min=0.09,il=1.00);overlapping-volley"
flona15-20250917T1623-1_pulses,line_site_3_4,422,150873.439,150873.951,48,0.917,0.848,0.946,0.122,0.453,0.125,0.833,0,"interleaved-2nd-cluster(sil=0.45,min=0.12,il=0.83);overlapping-volley"
flona15-20250917T1623-1_pulses,line_site_3_4,429,151758.573,151758.852,49,0.819,0.998,1.390,0.067,0.411,0.367,0.278,0,overlapping-volley
flona15-20250917T1623-1_pulses,line_site_3_4,436,153658.198,153658.341,25,0.874,1.032,1.314,-0.243,0.768,0.080,1.000,0,"interleaved-2nd-cluster(sil=0.77,min=0.08,il=1.00)"
flona15-20250919T1719-1_pulses,line_site_3_4,11,11786.996,11787.145,18,0.835,1.055,1.230,-0.547,0.537,0.111,1.000,0,"interleaved-2nd-cluster(sil=0.54,min=0.11,il=1.00)"
flona15-20250919T1719-1_pulses,line_site_3_4,12,12848.604,12848.665,9,0.897,1.098,1.200,-0.478,0.356,0.333,0.333,0,overlapping-volley
flona15-20250919T1719-1_pulses,line_site_3_4,14,12848.835,12849.108,23,0.772,0.624,0.659,-0.224,0.626,0.130,0.667,0,"interleaved-2nd-cluster(sil=0.63,min=0.13,il=0.67);overlapping-volley"
flona15-20250919T1719-1_pulses,line_site_3_4,19,15161.446,15161.483,10,0.816,1.015,1.017,-0.610,0.569,0.300,0.667,0,"interleaved-2nd-cluster(sil=0.57,min=0.30,il=0.67)"
flona15-20250919T1719-1_pulses,line_site_3_4,20,15191.933,15192.078,25,0.788,0.607,0.797,-0.461,0.642,0.080,0.500,0,"interleaved-2nd-cluster(sil=0.64,min=0.08,il=0.50)"
flona15-20250919T1719-1_pulses,line_site_3_4,21,15880.834,15880.980,26,0.781,0.958,1.057,-0.835,0.531,0.115,1.000,1,"interleaved-2nd-cluster(sil=0.53,min=0.12,il=1.00)"
flona15-20250919T1719-1_pulses,line_site_3_4,25,23293.016,23293.095,21,0.733,0.667,0.878,-0.162,0.327,0.286,0.500,1,overlapping-volley
flona15-20250919T1719-1_pulses,line_site_3_4,26,23293.138,23293.457,32,0.898,1.354,1.486,-0.588,0.773,0.031,1.000,1,overlapping-volley
flona15-20250919T1719-1_pulses,line_site_3_4,38,23294.025,23294.348,24,0.656,0.929,1.063,-0.316,0.307,0.417,0.400,2,overlapping-volley
flona15-20250919T1719-1_pulses,line_site_3_4,42,23294.373,23294.610,22,0.750,0.685,0.796,-0.202,0.362,0.455,0.600,2,overlapping-volley
flona15-20250919T1719-1_pulses,line_site_3_4,51,23297.781,23297.927,13,0.798,0.990,1.160,-0.661,0.603,0.462,0.500,0,"interleaved-2nd-cluster(sil=0.60,min=0.46,il=0.50);overlapping-volley"
flona15-20250919T1719-1_pulses,line_site_3_4,60,23299.678,23299.719,9,0.868,0.737,0.813,-0.536,0.448,0.444,0.750,0,overlapping-volley
flona15-20250919T1719-1_pulses,line_site_3_4,61,23299.752,23299.874,11,0.883,0.943,0.945,-0.138,0.588,0.364,0.750,0,"interleaved-2nd-cluster(sil=0.59,min=0.36,il=0.75);overlapping-volley"
flona15-20250919T1719-1_pulses,line_site_3_4,76,23331.656,23331.735,13,0.815,1.077,1.123,-0.639,0.651,0.077,1.000,3,overlapping-volley
flona15-20250919T1719-1_pulses,line_site_3_4,99,23339.250,23339.334,8,0.819,1.445,1.457,-0.862,0.335,0.500,0.500,1,overlapping-volley
flona15-20250919T1719-1_pulses,line_site_3_4,108,24061.661,24061.803,18,0.789,1.032,1.124,-0.668,0.598,0.389,0.571,4,"interleaved-2nd-cluster(sil=0.60,min=0.39,il=0.57);overlapping-volley"
flona15-20250919T1719-1_pulses,line_site_3_4,111,24061.833,24061.985,18,0.722,0.841,0.888,-0.074,0.537,0.333,0.667,4,"interleaved-2nd-cluster(sil=0.54,min=0.33,il=0.67);overlapping-volley"
flona15-20250919T1719-1_pulses,line_site_3_4,115,29736.059,29736.116,12,0.656,1.582,1.594,-0.583,0.506,0.417,0.400,0,overlapping-volley
flona15-20250919T1719-1_pulses,line_site_3_4,116,29736.158,29736.221,11,0.816,1.203,1.375,-0.112,0.510,0.182,0.500,0,"interleaved-2nd-cluster(sil=0.51,min=0.18,il=0.50);overlapping-volley"
flona15-20250919T1719-1_pulses,line_site_3_4,130,34429.046,34429.103,13,0.886,0.670,0.831,-0.530,0.573,0.308,0.500,0,"interleaved-2nd-cluster(sil=0.57,min=0.31,il=0.50)"
flona15-20250919T1719-1_pulses,line_site_3_4,169,63980.630,63980.810,14,0.805,0.390,0.410,-0.694,0.397,0.214,1.000,0,overlapping-volley
flona15-20250919T1719-1_pulses,line_site_3_4,179,64072.689,64072.757,10,0.779,1.538,1.596,-0.447,0.397,0.400,0.750,4,overlapping-volley
flona15-20250919T1719-1_pulses,line_site_3_4,212,89720.485,89720.600,12,0.883,1.419,1.485,-0.510,0.328,0.417,0.600,5,overlapping-volley
flona15-20250919T1719-1_pulses,line_site_3_4,214,89720.627,89720.717,8,0.812,1.091,1.137,-0.231,0.534,0.250,1.000,5,"interleaved-2nd-cluster(sil=0.53,min=0.25,il=1.00);overlapping-volley"
flona15-20250919T1719-1_pulses,line_site_3_4,217,89720.750,89720.863,8,0.651,1.033,1.070,-0.859,0.616,0.250,0.500,6,"interleaved-2nd-cluster(sil=0.62,min=0.25,il=0.50);overlapping-volley"
flona15-20250919T1719-1_pulses,line_site_3_4,221,89721.025,89721.457,49,0.791,1.113,1.217,0.277,0.477,0.224,0.636,6,"interleaved-2nd-cluster(sil=0.48,min=0.22,il=0.64);overlapping-volley"
flona15-20250919T1719-1_pulses,line_site_3_4,252,93796.304,93796.464,27,0.849,1.045,1.364,-0.168,0.808,0.037,1.000,0,overlapping-volley
flona15-20250919T1719-1_pulses,line_site_3_4,253,93816.636,93816.663,15,0.807,0.047,0.052,-0.480,0.335,0.333,0.400,0,overlapping-volley
flona15-20250919T1719-1_pulses,line_site_3_4,257,93822.831,93823.016,40,0.791,0.965,1.398,-0.004,0.807,0.025,1.000,1,overlapping-volley
flona15-20250919T1719-1_pulses,line_site_3_4,264,104526.494,104526.519,10,0.768,0.706,0.707,-0.127,0.609,0.100,1.000,1,"interleaved-2nd-cluster(sil=0.61,min=0.10,il=1.00)"
flona15-20250919T1719-1_pulses,line_site_3_4,267,109854.947,109855.003,8,0.802,1.500,1.580,-0.551,0.451,0.125,1.000,0,"interleaved-2nd-cluster(sil=0.45,min=0.12,il=1.00);overlapping-volley"
flona15-20250919T1719-1_pulses,line_site_3_4,271,109881.930,109882.053,16,0.758,0.778,0.841,-0.658,0.554,0.125,1.000,0,"interleaved-2nd-cluster(sil=0.55,min=0.12,il=1.00);overlapping-volley"
flona15-20250919T1719-1_pulses,line_site_3_4,311,133584.123,133584.228,17,0.834,1.143,1.595,-0.625,0.643,0.118,1.000,0,"interleaved-2nd-cluster(sil=0.64,min=0.12,il=1.00)"
flona15-20250919T1719-1_pulses,line_site_3_4,313,133943.255,133943.430,17,0.852,0.844,1.222,-0.300,0.632,0.059,1.000,0,overlapping-volley
flona15-20250919T1719-1_pulses,line_site_3_4,314,133943.609,133944.543,115,0.868,0.924,1.136,0.407,0.478,0.078,0.889,0,overlapping-volley
flona15-20250919T1719-1_pulses,line_site_3_4,322,133945.143,133945.320,15,0.200,0.574,0.733,-0.095,0.334,0.067,1.000,0,overlapping-volley
flona15-20250919T1719-1_pulses,line_site_3_4,323,133945.353,133945.445,9,0.678,0.637,0.692,-0.061,0.469,0.111,1.000,0,"interleaved-2nd-cluster(sil=0.47,min=0.11,il=1.00);overlapping-volley"
flona15-20250919T1719-1_pulses,line_site_3_4,327,133946.034,133946.238,17,0.200,0.851,0.935,-0.815,0.219,0.235,1.000,0,overlapping-volley
flona15-20250919T1719-1_pulses,line_site_3_4,329,133946.548,133946.864,40,0.849,0.569,1.264,-0.005,0.252,0.275,0.727,0,overlapping-volley
flona15-20250919T1719-1_pulses,line_site_3_4,332,136231.506,136231.648,18,0.827,1.075,1.231,-0.364,0.752,0.167,0.667,0,"interleaved-2nd-cluster(sil=0.75,min=0.17,il=0.67);overlapping-volley"
flona15-20250919T1719-1_pulses,line_site_3_4,334,139978.295,139978.438,10,0.839,0.313,0.374,-0.360,0.312,0.300,0.333,0,overlapping-volley
flona15-20250919T1719-1_pulses,line_site_3_4,338,139978.904,139979.271,41,0.857,0.804,1.331,-0.280,0.640,0.073,1.000,0,overlapping-volley
flona15-20250919T1719-1_pulses,line_site_3_4,339,139979.298,139979.455,17,0.823,1.003,1.052,-0.399,0.676,0.059,1.000,0,overlapping-volley
flona15-20250919T1719-1_pulses,line_site_3_4,341,140036.547,140036.660,10,0.722,0.271,0.299,-0.661,0.734,0.100,1.000,0,"interleaved-2nd-cluster(sil=0.73,min=0.10,il=1.00);overlapping-volley"
flona15-20250919T1719-1_pulses,line_site_3_4,342,140036.721,140036.834,19,0.783,0.883,1.006,-0.078,0.795,0.053,1.000,0,overlapping-volley
flona04-20250915T1801-1_pulses,line_site_4,4,4780.343,4780.418,15,0.817,1.043,1.321,-0.234,0.605,0.267,0.500,0,"interleaved-2nd-cluster(sil=0.61,min=0.27,il=0.50);overlapping-volley"
flona04-20250915T1801-1_pulses,line_site_4,5,4781.274,4781.448,38,0.804,0.658,1.029,-0.142,0.768,0.184,0.571,0,"interleaved-2nd-cluster(sil=0.77,min=0.18,il=0.57);overlapping-volley"
flona04-20250915T1801-1_pulses,line_site_4,11,13209.071,13209.165,16,0.200,1.368,1.657,-0.471,0.374,0.438,0.571,0,overlapping-volley
flona04-20250915T1801-1_pulses,line_site_4,12,13209.740,13209.779,8,0.781,0.473,0.547,-0.427,0.344,0.375,1.000,0,overlapping-volley
flona04-20250915T1801-1_pulses,line_site_4,47,19421.850,19422.041,13,0.740,0.372,0.392,-0.601,0.471,0.154,1.000,0,"interleaved-2nd-cluster(sil=0.47,min=0.15,il=1.00);overlapping-volley"
flona04-20250915T1801-1_pulses,line_site_4,59,22713.524,22713.598,11,0.848,1.080,1.236,-0.885,0.358,0.273,0.667,0,overlapping-volley
flona04-20250915T1801-1_pulses,line_site_4,68,23122.418,23122.506,14,0.823,1.506,1.557,-0.319,0.445,0.071,1.000,0,overlapping-volley
flona04-20250915T1801-1_pulses,line_site_4,90,28453.657,28453.706,9,0.805,0.723,0.793,-0.853,0.479,0.222,0.500,0,"interleaved-2nd-cluster(sil=0.48,min=0.22,il=0.50)"
flona04-20250915T1801-1_pulses,line_site_4,96,30247.683,30247.772,16,0.870,1.200,1.368,-0.581,0.342,0.312,0.600,0,overlapping-volley
flona04-20250915T1801-1_pulses,line_site_4,104,31359.183,31359.315,29,0.844,1.105,1.146,-0.513,0.494,0.310,0.556,1,"interleaved-2nd-cluster(sil=0.49,min=0.31,il=0.56)"
flona04-20250915T1801-1_pulses,line_site_4,106,31618.396,31618.424,8,0.871,0.305,0.308,-0.604,0.504,0.500,0.250,1,overlapping-volley
flona04-20250915T1801-1_pulses,line_site_4,119,70379.694,70379.761,15,0.672,0.849,0.966,-0.698,0.479,0.467,0.571,0,"interleaved-2nd-cluster(sil=0.48,min=0.47,il=0.57);overlapping-volley"
flona04-20250915T1801-1_pulses,line_site_4,124,70423.488,70423.557,10,0.852,1.115,1.266,-0.734,0.808,0.100,1.000,0,"interleaved-2nd-cluster(sil=0.81,min=0.10,il=1.00)"
flona04-20250915T1801-1_pulses,line_site_4,130,70450.910,70451.049,22,0.831,0.903,0.935,-0.267,0.376,0.500,0.545,0,overlapping-volley
flona04-20250915T1801-1_pulses,line_site_4,131,70451.134,70451.566,71,0.804,0.790,1.397,0.221,0.383,0.338,0.542,1,overlapping-volley
flona04-20250915T1801-1_pulses,line_site_4,132,70451.674,70452.142,55,0.840,0.664,0.803,-0.275,0.309,0.491,0.481,1,overlapping-volley
flona04-20250915T1801-1_pulses,line_site_4,140,73846.929,73847.046,11,0.769,0.439,0.473,-0.047,0.635,0.182,1.000,0,"interleaved-2nd-cluster(sil=0.64,min=0.18,il=1.00)"
flona04-20250915T1801-1_pulses,line_site_4,147,84599.909,84599.965,13,0.810,0.853,1.581,-0.629,0.636,0.231,0.333,0,overlapping-volley
flona04-20250915T1801-1_pulses,line_site_4,151,84993.140,84993.240,13,0.894,1.377,1.640,-0.751,0.402,0.462,0.333,1,overlapping-volley
flona04-20250915T1801-1_pulses,line_site_4,161,91479.987,91480.043,9,0.789,1.351,1.412,-0.614,0.527,0.222,1.000,0,"interleaved-2nd-cluster(sil=0.53,min=0.22,il=1.00)"
flona04-20250915T1801-1_pulses,line_site_4,162,91493.125,91493.204,11,0.760,1.460,1.505,-0.680,0.530,0.091,1.000,0,"interleaved-2nd-cluster(sil=0.53,min=0.09,il=1.00)"
flona04-20250915T1801-1_pulses,line_site_4,164,91711.064,91711.252,24,0.845,1.321,1.374,-0.773,0.645,0.083,0.500,0,"interleaved-2nd-cluster(sil=0.64,min=0.08,il=0.50);overlapping-volley"
flona04-20250915T1801-1_pulses,line_site_4,167,91859.730,91859.781,12,0.569,0.821,0.923,-0.498,0.485,0.333,0.750,0,"interleaved-2nd-cluster(sil=0.49,min=0.33,il=0.75);overlapping-volley"
flona04-20250915T1801-1_pulses,line_site_4,169,92590.689,92590.747,8,0.719,0.346,0.356,-0.175,0.600,0.125,1.000,0,"interleaved-2nd-cluster(sil=0.60,min=0.12,il=1.00)"
flona04-20250915T1801-1_pulses,line_site_4,174,94197.966,94198.183,22,0.878,0.561,1.096,-0.491,0.604,0.227,0.800,0,"interleaved-2nd-cluster(sil=0.60,min=0.23,il=0.80);overlapping-volley"
flona04-20250915T1801-1_pulses,line_site_4,177,94199.146,94199.276,11,0.850,0.468,0.506,-0.797,0.454,0.364,0.750,0,"interleaved-2nd-cluster(sil=0.45,min=0.36,il=0.75);overlapping-volley"
flona04-20250915T1801-1_pulses,line_site_4,178,94199.546,94199.739,20,0.801,0.613,0.712,-0.629,0.470,0.150,1.000,0,"interleaved-2nd-cluster(sil=0.47,min=0.15,il=1.00);overlapping-volley"
flona04-20250915T1801-1_pulses,line_site_4,180,98465.379,98465.423,9,0.760,1.034,1.065,-0.911,0.615,0.444,0.500,0,"interleaved-2nd-cluster(sil=0.61,min=0.44,il=0.50);overlapping-volley"
flona04-20250915T1801-1_pulses,line_site_4,181,98465.537,98465.887,38,0.885,0.570,0.747,-0.171,0.734,0.053,1.000,0,overlapping-volley
flona04-20250915T1801-1_pulses,line_site_4,193,104613.912,104613.938,9,0.862,0.818,0.861,-0.022,0.382,0.222,1.000,0,overlapping-volley
flona04-20250915T1801-1_pulses,line_site_4,202,122957.600,122957.646,10,0.818,0.919,0.977,-0.367,0.460,0.100,1.000,0,"interleaved-2nd-cluster(sil=0.46,min=0.10,il=1.00);overlapping-volley"
flona04-20250915T1801-1_pulses,line_site_4,204,131083.291,131083.332,11,0.682,1.181,1.437,-0.368,0.439,0.182,0.500,0,overlapping-volley
flona04-20250915T1801-1_pulses,line_site_4,205,131083.399,131083.466,9,0.929,0.865,0.883,-0.698,0.418,0.444,0.500,0,overlapping-volley
flona04-20250917T1429-1_pulses,line_site_4,8,21198.018,21198.098,11,0.645,1.257,1.280,-0.646,0.482,0.364,0.500,0,"interleaved-2nd-cluster(sil=0.48,min=0.36,il=0.50);overlapping-volley"
flona04-20250917T1429-1_pulses,line_site_4,10,22104.265,22104.404,23,0.833,1.188,1.358,-0.726,0.718,0.043,1.000,0,overlapping-volley
flona04-20250917T1429-1_pulses,line_site_4,12,22104.582,22104.724,19,0.828,1.392,1.452,-0.140,0.687,0.053,1.000,0,overlapping-volley
flona04-20250917T1429-1_pulses,line_site_4,13,22104.812,22105.132,49,0.820,0.973,1.160,0.001,0.311,0.490,0.500,0,overlapping-volley
flona04-20250917T1429-1_pulses,line_site_4,15,22105.723,22105.760,8,0.800,0.990,1.002,-0.720,0.357,0.250,1.000,0,overlapping-volley
flona04-20250917T1429-1_pulses,line_site_4,19,27256.121,27256.283,17,0.720,1.340,1.503,-0.533,0.624,0.118,1.000,0,"interleaved-2nd-cluster(sil=0.62,min=0.12,il=1.00);overlapping-volley"
flona04-20250917T1429-1_pulses,line_site_4,20,27256.406,27256.504,9,0.200,0.946,1.118,-0.095,0.229,0.444,0.750,0,overlapping-volley
flona04-20250917T1429-1_pulses,line_site_4,22,27258.747,27258.841,10,0.825,1.041,1.195,-0.823,0.722,0.100,1.000,0,"interleaved-2nd-cluster(sil=0.72,min=0.10,il=1.00);overlapping-volley"
flona04-20250917T1429-1_pulses,line_site_4,26,27318.445,27318.563,8,0.915,0.605,0.658,-0.404,0.513,0.500,0.500,3,"interleaved-2nd-cluster(sil=0.51,min=0.50,il=0.50);overlapping-volley"
flona04-20250917T1429-1_pulses,line_site_4,30,27331.836,27331.928,9,0.823,0.876,0.902,-0.519,0.676,0.111,1.000,0,"interleaved-2nd-cluster(sil=0.68,min=0.11,il=1.00)"
flona04-20250917T1429-1_pulses,line_site_4,38,29024.079,29024.112,11,0.760,0.677,0.688,-0.200,0.552,0.455,0.400,0,overlapping-volley
flona04-20250917T1429-1_pulses,line_site_4,39,29024.251,29024.681,67,0.873,0.547,0.709,-0.334,0.377,0.433,0.586,0,overlapping-volley
flona04-20250917T1429-1_pulses,line_site_4,42,29820.305,29820.362,11,0.789,0.834,0.980,-0.591,0.555,0.182,1.000,0,"interleaved-2nd-cluster(sil=0.55,min=0.18,il=1.00);overlapping-volley"
flona04-20250917T1429-1_pulses,line_site_4,44,29820.441,29820.567,11,0.755,0.905,1.190,-0.740,0.523,0.455,0.400,0,overlapping-volley
flona04-20250917T1429-1_pulses,line_site_4,45,29930.353,29930.567,30,0.786,1.033,1.155,-0.349,0.573,0.100,0.667,1,"interleaved-2nd-cluster(sil=0.57,min=0.10,il=0.67);overlapping-volley"
flona04-20250917T1429-1_pulses,line_site_4,46,29930.593,29930.711,11,0.941,1.162,1.412,-0.492,0.465,0.182,0.500,1,"interleaved-2nd-cluster(sil=0.46,min=0.18,il=0.50);overlapping-volley"
flona04-20250917T1429-1_pulses,line_site_4,48,29930.978,29931.196,22,0.936,1.389,1.594,-0.292,0.271,0.409,0.667,1,overlapping-volley
flona04-20250917T1429-1_pulses,line_site_4,53,29934.074,29934.252,20,0.788,0.423,0.540,-0.529,0.655,0.050,1.000,1,overlapping-volley
flona04-20250917T1429-1_pulses,line_site_4,55,30051.923,30052.083,20,0.832,1.281,1.342,-0.775,0.471,0.250,0.800,0,"interleaved-2nd-cluster(sil=0.47,min=0.25,il=0.80);overlapping-volley"
flona04-20250917T1429-1_pulses,line_site_4,72,31042.560,31042.631,10,0.780,1.432,1.450,-0.507,0.592,0.400,0.500,0,"interleaved-2nd-cluster(sil=0.59,min=0.40,il=0.50);overlapping-volley"
flona04-20250917T1429-1_pulses,line_site_4,74,31842.165,31842.194,8,0.715,1.099,1.281,-0.918,0.362,0.250,0.500,1,overlapping-volley
flona04-20250917T1429-1_pulses,line_site_4,78,33348.681,33348.719,9,0.200,1.184,1.187,-0.635,0.407,0.333,0.667,0,overlapping-volley
flona04-20250917T1429-1_pulses,line_site_4,79,33348.852,33348.964,14,0.932,0.819,0.993,-0.370,0.489,0.500,0.571,0,"interleaved-2nd-cluster(sil=0.49,min=0.50,il=0.57);overlapping-volley"
flona04-20250917T1429-1_pulses,line_site_4,80,33698.358,33698.455,16,0.752,1.170,1.186,-0.893,0.720,0.125,0.500,0,"interleaved-2nd-cluster(sil=0.72,min=0.12,il=0.50)"
flona04-20250917T1429-1_pulses,line_site_4,82,34147.797,34147.833,8,0.768,0.599,0.658,-0.826,0.564,0.250,1.000,0,"interleaved-2nd-cluster(sil=0.56,min=0.25,il=1.00)"
flona04-20250917T1429-1_pulses,line_site_4,92,34724.011,34724.224,31,0.813,1.009,1.282,-0.711,0.307,0.323,0.500,0,overlapping-volley
flona04-20250917T1429-1_pulses,line_site_4,93,34724.254,34724.337,9,0.825,0.650,0.692,-0.594,0.363,0.444,0.500,0,overlapping-volley
flona04-20250917T1429-1_pulses,line_site_4,94,34724.372,34724.494,14,0.940,0.488,0.788,-0.301,0.641,0.143,0.500,0,"interleaved-2nd-cluster(sil=0.64,min=0.14,il=0.50);overlapping-volley"
flona04-20250917T1429-1_pulses,line_site_4,97,34724.810,34725.000,17,0.810,0.280,0.479,-0.415,0.409,0.294,0.400,0,overlapping-volley
flona04-20250917T1429-1_pulses,line_site_4,114,37213.413,37213.524,14,0.915,0.609,0.628,-0.320,0.410,0.357,0.800,0,overlapping-volley
flona04-20250917T1429-1_pulses,line_site_4,120,37268.124,37268.599,61,0.880,0.978,1.332,0.075,0.409,0.213,0.538,0,overlapping-volley
flona04-20250917T1429-1_pulses,line_site_4,121,37268.704,37268.817,10,0.719,0.855,0.865,-0.705,0.410,0.300,1.000,0,overlapping-volley
flona04-20250917T1429-1_pulses,line_site_4,142,37294.853,37294.994,17,0.704,1.225,1.351,-0.386,0.307,0.412,0.714,0,overlapping-volley
flona04-20250917T1429-1_pulses,line_site_4,152,38320.037,38320.067,8,0.881,1.085,1.319,-0.143,0.375,0.375,0.333,1,overlapping-volley
flona04-20250917T1429-1_pulses,line_site_4,157,39881.099,39881.135,8,0.670,0.959,1.093,-0.701,0.280,0.500,0.750,0,overlapping-volley
flona04-20250917T1429-1_pulses,line_site_4,158,39881.162,39881.280,10,0.862,0.989,1.144,-0.615,0.512,0.100,1.000,0,"interleaved-2nd-cluster(sil=0.51,min=0.10,il=1.00);overlapping-volley"
flona04-20250917T1429-1_pulses,line_site_4,160,40133.761,40133.881,14,0.859,1.323,1.505,-0.519,0.313,0.357,0.600,0,overlapping-volley
flona04-20250917T1429-1_pulses,line_site_4,165,40970.220,40970.321,10,0.612,1.287,1.359,-0.471,0.408,0.400,0.750,0,overlapping-volley
flona04-20250917T1429-1_pulses,line_site_4,178,45997.723,45997.776,14,0.733,1.085,1.162,-0.595,0.505,0.357,0.600,0,"interleaved-2nd-cluster(sil=0.51,min=0.36,il=0.60);overlapping-volley"
flona04-20250917T1429-1_pulses,line_site_4,184,46158.933,46158.989,8,0.824,1.445,1.447,-0.847,0.381,0.500,0.750,0,overlapping-volley
flona04-20250917T1429-1_pulses,line_site_4,185,46159.339,46159.422,8,0.961,1.291,1.305,-0.378,0.252,0.375,1.000,0,overlapping-volley
flona04-20250917T1429-1_pulses,line_site_4,187,47209.765,47209.954,27,0.822,0.866,0.907,-0.759,0.408,0.444,0.500,0,overlapping-volley
flona04-20250917T1429-1_pulses,line_site_4,190,48164.395,48164.814,49,0.762,0.772,0.840,-0.061,0.455,0.367,0.167,1,overlapping-volley
flona04-20250917T1429-1_pulses,line_site_4,193,48254.177,48254.289,14,0.797,1.354,1.443,-0.511,0.331,0.357,0.400,0,overlapping-volley
flona04-20250917T1429-1_pulses,line_site_4,197,49063.496,49063.564,13,0.786,1.388,1.434,-0.345,0.561,0.462,0.500,1,"interleaved-2nd-cluster(sil=0.56,min=0.46,il=0.50);overlapping-volley"
flona04-20250917T1429-1_pulses,line_site_4,199,49063.592,49063.685,11,0.886,0.790,0.793,-0.448,0.340,0.455,0.600,1,overlapping-volley
flona04-20250917T1429-1_pulses,line_site_4,203,51020.420,51020.474,9,0.710,0.829,0.839,-0.528,0.331,0.333,0.667,0,overlapping-volley
flona04-20250917T1429-1_pulses,line_site_4,205,51059.653,51059.730,12,0.794,0.884,0.905,-0.877,0.721,0.167,1.000,0,"interleaved-2nd-cluster(sil=0.72,min=0.17,il=1.00)"
flona04-20250917T1429-1_pulses,line_site_4,231,58649.413,58649.444,17,0.718,0.050,0.064,-0.578,0.302,0.471,0.375,1,overlapping-volley
flona04-20250917T1429-1_pulses,line_site_4,237,62758.202,62758.248,8,0.756,1.429,1.534,-0.355,0.663,0.250,0.500,0,"interleaved-2nd-cluster(sil=0.66,min=0.25,il=0.50);overlapping-volley"
flona04-20250917T1429-1_pulses,line_site_4,247,69313.443,69313.663,20,0.733,1.081,1.141,-0.729,0.328,0.400,0.750,1,overlapping-volley
flona04-20250917T1429-1_pulses,line_site_4,278,96993.132,96993.601,35,0.887,1.004,1.319,-0.072,0.405,0.486,0.294,0,overlapping-volley
flona04-20250917T1429-1_pulses,line_site_4,286,97836.519,97836.648,12,0.200,0.744,0.939,-0.835,0.449,0.417,0.400,0,overlapping-volley
flona04-20250917T1429-1_pulses,line_site_4,300,105336.460,105336.482,8,0.831,0.500,0.598,-0.088,0.424,0.375,0.333,2,overlapping-volley
flona04-20250917T1429-1_pulses,line_site_4,303,105336.693,105337.797,94,0.944,0.748,0.895,-0.009,0.751,0.074,0.857,3,overlapping-volley
flona04-20250917T1429-1_pulses,line_site_4,305,105337.825,105338.336,33,0.915,0.662,1.149,0.081,0.361,0.212,0.571,3,overlapping-volley
flona04-20250917T1429-1_pulses,line_site_4,306,105338.369,105338.568,13,0.882,1.020,1.111,-0.419,0.317,0.462,0.500,3,overlapping-volley
flona04-20250917T1429-1_pulses,line_site_4,321,105339.607,105339.733,11,0.200,0.596,0.640,-0.375,0.401,0.455,0.600,2,overlapping-volley
flona04-20250917T1429-1_pulses,line_site_4,323,105351.071,105351.162,9,0.668,0.801,0.805,-0.305,0.723,0.111,1.000,3,"interleaved-2nd-cluster(sil=0.72,min=0.11,il=1.00);overlapping-volley"
flona04-20250917T1429-1_pulses,line_site_4,326,105351.249,105351.362,8,0.770,0.698,0.701,-0.459,0.366,0.375,0.667,3,overlapping-volley
flona04-20250917T1429-1_pulses,line_site_4,353,105357.060,105357.136,10,0.816,0.521,0.604,-0.289,0.717,0.200,0.500,3,"interleaved-2nd-cluster(sil=0.72,min=0.20,il=0.50);overlapping-volley"
flona04-20250917T1429-1_pulses,line_site_4,356,105357.247,105357.377,13,0.779,0.677,0.739,-0.285,0.445,0.308,0.750,3,overlapping-volley
flona04-20250917T1429-1_pulses,line_site_4,364,105357.570,105357.681,8,0.780,0.782,0.794,-0.951,0.831,0.250,0.500,3,"interleaved-2nd-cluster(sil=0.83,min=0.25,il=0.50);overlapping-volley"
flona04-20250917T1429-1_pulses,line_site_4,380,105363.910,105364.375,40,0.810,0.676,0.714,-0.101,0.584,0.475,0.526,2,"interleaved-2nd-cluster(sil=0.58,min=0.47,il=0.53);overlapping-volley"
flona04-20250917T1429-1_pulses,line_site_4,395,105374.910,105375.188,25,0.730,0.797,0.983,-0.230,0.489,0.440,0.545,1,"interleaved-2nd-cluster(sil=0.49,min=0.44,il=0.55);overlapping-volley"
flona04-20250917T1429-1_pulses,line_site_4,406,105378.485,105378.610,11,0.863,0.742,0.870,-0.696,0.694,0.091,1.000,0,"interleaved-2nd-cluster(sil=0.69,min=0.09,il=1.00);overlapping-volley"
flona04-20250917T1429-1_pulses,line_site_4,411,105383.864,105383.944,13,0.904,0.749,0.898,-0.506,0.551,0.077,1.000,1,overlapping-volley
flona04-20250917T1429-1_pulses,line_site_4,416,105385.991,105386.636,54,0.861,0.262,0.522,-0.265,0.738,0.037,1.000,0,overlapping-volley
flona04-20250917T1429-1_pulses,line_site_4,417,105386.664,105387.106,36,0.691,0.682,0.727,-0.358,0.411,0.500,0.389,0,overlapping-volley
flona04-20250917T1429-1_pulses,line_site_4,425,105402.989,105403.800,71,0.808,0.520,0.735,-0.102,0.466,0.352,0.680,0,"interleaved-2nd-cluster(sil=0.47,min=0.35,il=0.68);overlapping-volley"
flona04-20250917T1429-1_pulses,line_site_4,427,105403.940,105404.195,17,0.794,0.239,0.367,-0.607,0.519,0.235,0.750,0,"interleaved-2nd-cluster(sil=0.52,min=0.24,il=0.75);overlapping-volley"
flona04-20250917T1429-1_pulses,line_site_4,430,105408.570,105408.702,9,0.853,0.260,0.322,-0.981,0.667,0.222,1.000,1,"interleaved-2nd-cluster(sil=0.67,min=0.22,il=1.00);overlapping-volley"
flona04-20250917T1429-1_pulses,line_site_4,442,105417.474,105417.573,9,0.874,0.499,0.554,-0.553,0.422,0.444,1.000,1,overlapping-volley
flona04-20250917T1429-1_pulses,line_site_4,443,105417.601,105417.817,14,0.841,0.199,0.221,-0.412,0.579,0.429,0.500,1,"interleaved-2nd-cluster(sil=0.58,min=0.43,il=0.50);overlapping-volley"
flona04-20250917T1429-1_pulses,line_site_4,446,105422.639,105422.769,11,0.781,0.797,0.828,-0.598,0.611,0.455,0.400,1,overlapping-volley
flona04-20250917T1429-1_pulses,line_site_4,473,106169.251,106169.354,17,0.780,1.173,1.206,-0.663,0.543,0.176,1.000,0,"interleaved-2nd-cluster(sil=0.54,min=0.18,il=1.00);overlapping-volley"
flona04-20250917T1429-1_pulses,line_site_4,483,109057.053,109057.627,71,0.840,1.017,1.182,-0.071,0.297,0.493,0.400,0,overlapping-volley
flona04-20250917T1429-1_pulses,line_site_4,487,111192.249,111192.276,9,0.777,0.742,0.774,-0.447,0.280,0.333,0.667,5,overlapping-volley
flona04-20250917T1429-1_pulses,line_site_4,489,111192.479,111192.528,9,0.839,0.810,1.075,-0.559,0.538,0.111,1.000,5,"interleaved-2nd-cluster(sil=0.54,min=0.11,il=1.00);overlapping-volley"
flona04-20250917T1429-1_pulses,line_site_4,490,111192.517,111192.746,21,0.788,0.837,1.295,-0.493,0.334,0.429,0.444,5,overlapping-volley
flona04-20250917T1429-1_pulses,line_site_4,498,111626.602,111626.634,9,0.830,0.264,0.281,-0.017,0.255,0.444,0.750,0,overlapping-volley
flona04-20250917T1429-1_pulses,line_site_4,503,112535.729,112535.827,8,0.798,1.009,1.025,-0.803,0.352,0.375,1.000,1,overlapping-volley
flona04-20250917T1429-1_pulses,line_site_4,513,114372.224,114372.260,8,0.839,0.933,1.016,-0.875,0.473,0.250,0.500,0,"interleaved-2nd-cluster(sil=0.47,min=0.25,il=0.50)"
flona04-20250917T1429-1_pulses,line_site_4,514,114412.203,114412.231,10,0.742,0.983,1.059,-0.455,0.655,0.100,1.000,1,"interleaved-2nd-cluster(sil=0.66,min=0.10,il=1.00);overlapping-volley"
flona04-20250917T1429-1_pulses,line_site_4,515,114412.486,114412.508,11,0.706,0.449,0.530,-0.258,0.714,0.364,0.250,1,overlapping-volley
flona04-20250917T1429-1_pulses,line_site_4,525,119225.911,119225.981,13,0.697,1.144,1.200,-0.917,0.360,0.308,0.750,0,overlapping-volley
flona04-20250917T1429-1_pulses,line_site_4,529,119412.872,119415.121,270,0.912,0.623,0.984,0.515,0.408,0.352,0.368,0,overlapping-volley
flona04-20250917T1429-1_pulses,line_site_4,530,119415.156,119416.443,82,0.867,0.458,0.610,0.344,0.745,0.024,1.000,0,overlapping-volley
flona04-20250917T1429-1_pulses,line_site_4,531,119416.497,119416.636,9,0.866,0.677,0.723,-0.826,0.443,0.333,0.667,0,overlapping-volley
flona04-20250917T1429-1_pulses,line_site_4,534,119417.034,119417.092,8,0.913,1.065,1.067,-0.418,0.399,0.250,1.000,0,overlapping-volley
flona04-20250917T1429-1_pulses,line_site_4,535,119417.198,119417.270,9,0.939,0.905,1.009,-0.507,0.490,0.222,0.500,0,"interleaved-2nd-cluster(sil=0.49,min=0.22,il=0.50);overlapping-volley"
flona04-20250917T1429-1_pulses,line_site_4,537,119417.517,119417.594,8,0.946,0.884,0.946,-0.079,0.600,0.500,0.750,0,"interleaved-2nd-cluster(sil=0.60,min=0.50,il=0.75);overlapping-volley"
flona04-20250917T1429-1_pulses,line_site_4,538,119417.652,119417.927,19,0.957,0.878,1.110,-0.596,0.433,0.368,0.571,0,overlapping-volley
flona04-20250917T1429-1_pulses,line_site_4,539,119417.959,119418.370,32,0.752,0.857,0.982,-0.477,0.292,0.406,0.538,0,overlapping-volley
flona04-20250917T1429-1_pulses,line_site_4,540,119418.400,119418.544,10,0.770,0.314,0.343,-0.428,0.314,0.300,1.000,0,overlapping-volley
flona04-20250917T1429-1_pulses,line_site_4,541,119418.569,119418.839,16,0.777,0.481,0.533,-0.494,0.253,0.438,0.714,0,overlapping-volley
flona04-20250917T1429-1_pulses,line_site_4,543,119419.076,119419.139,8,0.804,1.438,1.551,-0.592,0.163,0.500,0.500,0,overlapping-volley
flona04-20250917T1429-1_pulses,line_site_4,544,119419.287,119419.366,13,0.785,1.246,1.402,-0.568,0.407,0.462,0.500,0,overlapping-volley
flona04-20250917T1429-1_pulses,line_site_4,546,119419.553,119419.612,9,0.826,0.578,0.617,0.108,0.431,0.222,1.000,0,overlapping-volley
flona04-20250917T1429-1_pulses,line_site_4,547,119419.768,119419.845,11,0.814,1.250,1.563,-0.902,0.276,0.455,0.600,0,overlapping-volley
flona04-20250917T1429-1_pulses,line_site_4,549,119420.403,119420.447,8,0.782,1.476,1.562,-0.831,0.402,0.375,0.667,0,overlapping-volley
flona04-20250917T1429-1_pulses,line_site_4,550,119420.609,119420.647,8,0.865,1.406,1.494,-0.606,0.652,0.125,1.000,0,"interleaved-2nd-cluster(sil=0.65,min=0.12,il=1.00);overlapping-volley"
flona04-20250917T1429-1_pulses,line_site_4,551,119420.797,119420.840,8,0.794,1.471,1.580,-0.702,0.617,0.250,0.500,0,"interleaved-2nd-cluster(sil=0.62,min=0.25,il=0.50);overlapping-volley"
flona04-20250917T1429-1_pulses,line_site_4,552,119420.962,119421.018,8,0.932,0.866,0.957,-0.079,0.332,0.375,0.333,0,overlapping-volley
flona04-20250917T1429-1_pulses,line_site_4,553,119421.065,119421.160,8,0.748,0.471,0.505,-0.723,0.412,0.375,1.000,0,overlapping-volley
flona04-20250917T1429-1_pulses,line_site_4,554,119421.193,119421.670,36,0.798,0.612,0.964,-0.468,0.879,0.028,1.000,0,overlapping-volley
flona04-20250917T1429-1_pulses,line_site_4,555,119421.751,119422.467,49,0.906,0.471,1.128,-0.300,0.843,0.020,1.000,0,overlapping-volley
flona04-20250917T1429-1_pulses,line_site_4,557,119422.546,119422.925,22,0.680,0.207,0.212,-0.755,0.344,0.364,0.250,0,overlapping-volley
flona04-20250917T1429-1_pulses,line_site_4,558,119423.154,119423.370,12,0.753,0.264,0.312,-0.477,0.362,0.417,1.000,0,overlapping-volley
flona04-20250917T1429-1_pulses,line_site_4,577,119428.483,119428.534,8,0.825,1.024,1.067,-0.231,0.368,0.375,0.667,0,overlapping-volley
flona04-20250917T1429-1_pulses,line_site_4,579,119428.921,119429.359,37,0.942,0.925,1.071,-0.036,0.817,0.054,1.000,0,overlapping-volley
flona04-20250917T1429-1_pulses,line_site_4,593,119461.662,119461.744,15,0.761,1.474,1.519,-0.603,0.525,0.200,0.667,0,"interleaved-2nd-cluster(sil=0.52,min=0.20,il=0.67);overlapping-volley"
flona04-20250917T1429-1_pulses,line_site_4,594,119461.815,119462.021,23,0.850,1.232,1.349,-0.784,0.505,0.478,0.455,0,"interleaved-2nd-cluster(sil=0.51,min=0.48,il=0.45);overlapping-volley"
flona04-20250917T1429-1_pulses,line_site_4,599,121279.533,121279.608,11,0.772,1.114,1.363,-0.612,0.514,0.364,0.500,0,"interleaved-2nd-cluster(sil=0.51,min=0.36,il=0.50)"
flona04-20250917T1429-1_pulses,line_site_4,609,123391.560,123391.689,18,0.200,1.287,1.326,-0.276,0.484,0.389,0.571,0,"interleaved-2nd-cluster(sil=0.48,min=0.39,il=0.57)"
flona04-20250917T1429-1_pulses,line_site_4,634,130035.776,130035.857,11,0.880,1.068,1.308,-0.521,0.413,0.182,1.000,0,overlapping-volley
flona04-20250917T1429-1_pulses,line_site_4,636,130035.917,130036.088,18,0.811,1.134,1.292,-0.432,0.387,0.278,0.600,0,overlapping-volley
flona04-20250917T1429-1_pulses,line_site_4,637,130036.118,130036.367,26,0.879,1.234,1.422,-0.416,0.874,0.038,1.000,0,overlapping-volley
flona04-20250917T1429-1_pulses,line_site_4,640,130037.169,130037.371,24,0.792,0.831,0.896,-0.482,0.512,0.083,1.000,0,"interleaved-2nd-cluster(sil=0.51,min=0.08,il=1.00);overlapping-volley"
flona04-20250917T1429-1_pulses,line_site_4,651,130038.833,130038.957,9,0.814,0.871,0.954,-0.761,0.526,0.444,0.500,0,"interleaved-2nd-cluster(sil=0.53,min=0.44,il=0.50);overlapping-volley"
flona04-20250917T1429-1_pulses,line_site_4,667,133408.406,133408.464,9,0.684,0.790,0.898,-0.609,0.465,0.444,0.750,1,"interleaved-2nd-cluster(sil=0.46,min=0.44,il=0.75)"
flona04-20250917T1429-1_pulses,line_site_4,670,134223.352,134223.379,15,0.809,0.068,0.070,-0.141,0.614,0.267,0.250,1,overlapping-volley
flona04-20250917T1429-1_pulses,line_site_4,671,134223.499,134223.578,13,0.860,0.314,0.368,-0.815,0.430,0.462,0.167,1,overlapping-volley
flona04-20250917T1429-1_pulses,line_site_4,672,134223.605,134223.671,8,0.876,1.479,1.560,-0.676,0.505,0.500,0.250,1,overlapping-volley
flona04-20250917T1429-1_pulses,line_site_4,673,134577.159,134577.211,11,0.819,0.334,0.352,-0.104,0.479,0.273,1.000,0,"interleaved-2nd-cluster(sil=0.48,min=0.27,il=1.00)"
flona04-20250917T1429-1_pulses,line_site_4,675,139071.205,139071.277,12,0.815,1.125,1.221,-0.871,0.593,0.083,1.000,0,"interleaved-2nd-cluster(sil=0.59,min=0.08,il=1.00)"
flona12-20250916T1452-1_pulses,line_site_6,11,43897.648,43897.745,8,0.800,0.003,0.003,-0.929,0.511,0.250,0.500,0,"interleaved-2nd-cluster(sil=0.51,min=0.25,il=0.50)"
flona12-20250916T1452-1_pulses,line_site_6,13,102098.502,102098.530,10,0.868,0.296,0.391,0.091,0.512,0.200,1.000,1,"interleaved-2nd-cluster(sil=0.51,min=0.20,il=1.00)"
flona12-20250916T1452-1_pulses,line_site_6,21,103241.553,103241.619,14,0.761,1.460,1.475,-0.128,0.575,0.143,0.500,0,"interleaved-2nd-cluster(sil=0.58,min=0.14,il=0.50)"
flona12-20250916T1452-1_pulses,line_site_6,29,103999.432,104000.382,189,0.813,0.786,1.374,0.440,0.656,0.439,0.036,1,overlapping-volley
flona12-20250916T1452-1_pulses,line_site_6,38,109223.205,109223.302,15,0.702,1.354,1.427,-0.397,0.563,0.400,0.500,0,"interleaved-2nd-cluster(sil=0.56,min=0.40,il=0.50)"
flona12-20250916T1452-1_pulses,line_site_6,41,110955.829,110956.064,37,0.826,1.054,1.166,-0.231,0.672,0.405,0.667,1,"interleaved-2nd-cluster(sil=0.67,min=0.41,il=0.67);overlapping-volley"
flona12-20250916T1452-1_pulses,line_site_6,45,111065.263,111065.555,43,0.762,1.092,1.334,0.034,0.435,0.349,0.067,2,overlapping-volley
flona12-20250916T1452-1_pulses,line_site_6,48,111065.939,111066.363,37,0.886,1.094,1.186,-0.200,0.699,0.216,0.125,2,overlapping-volley
flona12-20250916T1452-1_pulses,line_site_6,51,111972.614,111972.753,27,0.778,0.686,0.808,-0.201,0.959,0.037,1.000,1,overlapping-volley
flona12-20250916T1452-1_pulses,line_site_6,53,112004.904,112005.010,22,0.792,0.696,0.800,-0.221,0.577,0.455,0.100,2,overlapping-volley
flona12-20250916T1452-1_pulses,line_site_6,54,112005.433,112005.565,26,0.850,0.310,0.470,0.000,0.470,0.462,0.417,2,overlapping-volley
flona12-20250916T1452-1_pulses,line_site_6,56,113072.697,113073.160,75,0.813,0.867,1.186,-0.067,0.390,0.360,0.444,1,overlapping-volley
flona12-20250916T1452-1_pulses,line_site_6,62,115704.886,115704.936,9,0.824,1.009,1.013,0.161,0.887,0.111,1.000,1,"interleaved-2nd-cluster(sil=0.89,min=0.11,il=1.00)"
flona12-20250916T1452-1_pulses,line_site_6,66,117885.203,117885.311,13,0.892,1.004,1.061,-0.358,0.290,0.462,0.667,3,overlapping-volley
flona12-20250916T1452-1_pulses,line_site_6,68,121111.159,121111.185,9,0.797,0.228,0.244,-0.138,0.192,0.222,0.500,0,overlapping-volley
flona12-20250916T1452-1_pulses,line_site_6,69,121111.579,121111.610,9,0.816,0.877,1.125,-0.268,0.470,0.111,1.000,0,"interleaved-2nd-cluster(sil=0.47,min=0.11,il=1.00);overlapping-volley"
flona12-20250916T1452-1_pulses,line_site_6,73,129852.071,129852.798,75,0.861,0.951,1.181,0.227,0.915,0.027,0.500,0,overlapping-volley
flona12-20250916T1452-1_pulses,line_site_6,75,129853.054,129853.349,18,0.877,0.366,0.630,-0.627,0.688,0.111,1.000,0,"interleaved-2nd-cluster(sil=0.69,min=0.11,il=1.00);overlapping-volley"
flona12-20250916T1452-1_pulses,line_site_6,80,130953.592,130953.634,13,0.831,0.619,1.116,-0.640,0.657,0.231,0.333,4,overlapping-volley
flona12-20250916T1452-1_pulses,line_site_6,87,136983.212,136983.263,9,0.772,1.290,1.438,-0.849,0.471,0.111,1.000,0,"interleaved-2nd-cluster(sil=0.47,min=0.11,il=1.00);overlapping-volley"
flona12-20250916T1452-1_pulses,line_site_6,88,137048.778,137049.185,76,0.796,0.714,0.811,0.087,0.396,0.368,0.393,0,overlapping-volley
flona12-20250916T1452-1_pulses,line_site_6,89,137049.259,137049.839,54,0.814,0.370,0.441,0.133,0.526,0.148,0.375,0,overlapping-volley
flona12-20250916T1452-1_pulses,line_site_6,93,137519.316,137519.375,12,0.693,1.307,1.318,-0.506,0.612,0.417,0.800,2,"interleaved-2nd-cluster(sil=0.61,min=0.42,il=0.80)"
flona12-20250916T1452-1_pulses,line_site_6,105,139645.263,139645.294,8,0.810,0.849,0.973,-0.439,0.212,0.250,1.000,0,overlapping-volley
flona12-20250916T1452-1_pulses,line_site_6,107,139666.518,139666.557,8,0.717,0.959,0.998,-0.167,0.511,0.375,0.333,0,overlapping-volley
flona12-20250918T1608-1_pulses,line_site_6,4,12557.300,12557.367,16,0.760,1.536,1.548,-0.108,0.678,0.438,0.143,3,overlapping-volley
flona12-20250918T1608-1_pulses,line_site_6,10,14373.456,14373.495,10,0.803,0.872,1.061,-0.823,0.613,0.300,0.667,1,"interleaved-2nd-cluster(sil=0.61,min=0.30,il=0.67)"
flona12-20250918T1608-1_pulses,line_site_6,11,15296.286,15296.315,8,0.806,0.877,0.954,-0.567,0.841,0.250,1.000,0,"interleaved-2nd-cluster(sil=0.84,min=0.25,il=1.00)"
flona12-20250918T1608-1_pulses,line_site_6,13,15305.041,15305.110,13,0.809,0.954,1.166,-0.325,0.390,0.462,0.333,2,overlapping-volley
flona12-20250918T1608-1_pulses,line_site_6,16,16785.266,16785.294,10,0.720,0.263,0.286,-0.469,0.468,0.400,0.250,0,overlapping-volley
flona12-20250918T1608-1_pulses,line_site_6,21,18402.244,18402.297,11,0.812,1.544,1.557,-0.135,0.322,0.455,0.600,4,overlapping-volley
flona12-20250918T1608-1_pulses,line_site_6,23,18403.296,18403.405,12,0.818,0.573,0.731,-0.509,0.484,0.417,0.600,3,"interleaved-2nd-cluster(sil=0.48,min=0.42,il=0.60);overlapping-volley"
flona12-20250918T1608-1_pulses,line_site_6,29,21201.508,21201.765,76,0.800,0.652,1.169,0.049,0.543,0.342,0.077,1,overlapping-volley
flona12-20250918T1608-1_pulses,line_site_6,39,37478.799,37479.015,41,0.763,0.971,1.518,-0.062,0.621,0.415,0.118,5,overlapping-volley
flona12-20250918T1608-1_pulses,line_site_6,42,45360.617,45360.750,22,0.863,0.795,0.994,-0.439,0.565,0.182,0.250,3,overlapping-volley
flona12-20250918T1608-1_pulses,line_site_6,59,115459.228,115459.303,8,0.793,1.298,1.317,-0.743,0.304,0.500,0.500,1,overlapping-volley
flona12-20250918T1608-1_pulses,line_site_6,70,130388.500,130388.580,11,0.818,0.952,0.976,-0.612,0.617,0.182,0.500,1,"interleaved-2nd-cluster(sil=0.62,min=0.18,il=0.50)"
flona12-20250920T1559-1_pulses,line_site_6,4,12133.437,12133.615,26,0.825,0.980,1.216,-0.567,0.670,0.077,0.500,0,overlapping-volley
flona12-20250920T1559-1_pulses,line_site_6,12,14778.672,14778.761,18,0.806,0.691,0.705,-0.472,0.911,0.444,0.875,1,"interleaved-2nd-cluster(sil=0.91,min=0.44,il=0.88);overlapping-volley"
flona12-20250920T1559-1_pulses,line_site_6,13,15541.655,15541.952,48,0.810,1.002,1.565,-0.186,0.494,0.167,0.500,0,"interleaved-2nd-cluster(sil=0.49,min=0.17,il=0.50)"
flona12-20250920T1559-1_pulses,line_site_6,15,19471.906,19472.042,15,0.825,0.829,0.993,-0.702,0.402,0.467,0.286,1,overlapping-volley
flona12-20250920T1559-1_pulses,line_site_6,16,19472.180,19472.549,75,0.800,0.825,1.185,0.016,0.850,0.107,0.250,1,overlapping-volley
flona12-20250920T1559-1_pulses,line_site_6,17,19472.572,19472.636,9,0.656,1.007,1.051,-0.503,0.769,0.111,1.000,1,"interleaved-2nd-cluster(sil=0.77,min=0.11,il=1.00);overlapping-volley"
flona12-20250920T1559-1_pulses,line_site_6,18,19472.575,19472.678,15,0.797,0.708,1.019,-0.099,0.788,0.267,0.750,1,"interleaved-2nd-cluster(sil=0.79,min=0.27,il=0.75);overlapping-volley"
flona12-20250920T1559-1_pulses,line_site_6,19,19472.664,19472.721,8,0.200,0.933,0.962,-0.512,0.862,0.250,0.500,1,"interleaved-2nd-cluster(sil=0.86,min=0.25,il=0.50);overlapping-volley"
flona12-20250920T1559-1_pulses,line_site_6,20,19472.746,19472.814,10,0.846,1.135,1.231,-0.275,0.657,0.100,1.000,1,"interleaved-2nd-cluster(sil=0.66,min=0.10,il=1.00);overlapping-volley"
flona12-20250920T1559-1_pulses,line_site_6,22,19472.849,19473.344,74,0.822,0.528,0.638,0.167,0.332,0.203,0.867,1,overlapping-volley
flona12-20250920T1559-1_pulses,line_site_6,29,19538.551,19538.594,9,0.838,0.774,0.852,-0.151,0.402,0.111,1.000,2,overlapping-volley
flona12-20250920T1559-1_pulses,line_site_6,32,19539.328,19540.041,139,0.779,0.765,1.221,0.311,0.336,0.381,0.302,2,overlapping-volley
flona12-20250920T1559-1_pulses,line_site_6,47,19553.385,19553.459,22,0.809,0.287,0.550,-0.178,0.369,0.318,0.571,3,overlapping-volley
flona12-20250920T1559-1_pulses,line_site_6,48,19553.942,19554.006,13,0.856,0.461,0.676,-0.042,0.335,0.308,0.250,3,overlapping-volley
flona12-20250920T1559-1_pulses,line_site_6,53,19885.484,19885.804,69,0.815,0.931,1.029,0.308,0.460,0.377,0.500,4,"interleaved-2nd-cluster(sil=0.46,min=0.38,il=0.50);overlapping-volley"
flona12-20250920T1559-1_pulses,line_site_6,56,20284.273,20285.430,229,0.816,0.742,1.138,0.246,0.574,0.275,0.762,2,"interleaved-2nd-cluster(sil=0.57,min=0.28,il=0.76);overlapping-volley"
flona12-20250920T1559-1_pulses,line_site_6,61,20293.317,20293.615,35,0.861,0.829,1.216,0.021,0.301,0.343,0.750,1,overlapping-volley
flona12-20250920T1559-1_pulses,line_site_6,62,20293.987,20294.097,16,0.839,0.726,1.279,-0.561,0.361,0.312,0.600,1,overlapping-volley
flona12-20250920T1559-1_pulses,line_site_6,68,21395.582,21395.935,71,0.807,0.597,0.738,-0.096,0.429,0.225,0.625,1,overlapping-volley
flona12-20250920T1559-1_pulses,line_site_6,76,23242.738,23242.856,29,0.767,1.450,1.574,-0.476,0.726,0.069,0.500,3,overlapping-volley
flona12-20250920T1559-1_pulses,line_site_6,77,23242.846,23242.905,10,0.720,0.855,1.019,-0.397,0.590,0.500,0.800,3,"interleaved-2nd-cluster(sil=0.59,min=0.50,il=0.80);overlapping-volley"
flona12-20250920T1559-1_pulses,line_site_6,80,23665.031,23665.095,13,0.773,0.600,0.627,-0.607,0.519,0.385,0.400,0,overlapping-volley
flona12-20250920T1559-1_pulses,line_site_6,83,23704.862,23705.089,23,0.886,0.742,0.806,-0.670,0.656,0.087,1.000,0,"interleaved-2nd-cluster(sil=0.66,min=0.09,il=1.00);overlapping-volley"
flona12-20250920T1559-1_pulses,line_site_6,84,23708.371,23708.498,30,0.824,0.759,1.378,-0.460,0.490,0.300,0.667,0,"interleaved-2nd-cluster(sil=0.49,min=0.30,il=0.67);overlapping-volley"
flona12-20250920T1559-1_pulses,line_site_6,85,23708.567,23708.747,14,0.809,0.631,0.661,-0.639,0.424,0.286,0.750,0,overlapping-volley
flona12-20250920T1559-1_pulses,line_site_6,86,23708.802,23709.400,57,0.837,0.662,0.755,0.053,0.377,0.404,0.478,0,overlapping-volley
flona12-20250920T1559-1_pulses,line_site_6,88,23709.513,23709.699,14,0.868,0.879,0.956,-0.020,0.283,0.143,1.000,0,overlapping-volley
flona12-20250920T1559-1_pulses,line_site_6,89,23709.726,23710.050,21,0.538,0.768,0.802,-0.520,0.794,0.048,1.000,0,overlapping-volley
flona12-20250920T1559-1_pulses,line_site_6,95,23711.288,23712.798,206,0.892,0.733,1.015,0.146,0.801,0.015,1.000,0,overlapping-volley
flona12-20250920T1559-1_pulses,line_site_6,97,23712.947,23713.060,9,0.788,0.913,0.984,-0.897,0.279,0.333,1.000,0,overlapping-volley
flona12-20250920T1559-1_pulses,line_site_6,100,23713.256,23713.335,8,0.849,0.642,0.756,-0.115,0.122,0.375,1.000,0,overlapping-volley
flona12-20250920T1559-1_pulses,line_site_6,122,23717.737,23718.483,74,0.868,0.644,0.973,-0.061,0.730,0.027,1.000,1,overlapping-volley
flona12-20250920T1559-1_pulses,line_site_6,125,23719.836,23719.925,11,0.746,0.251,0.280,-0.106,0.564,0.273,0.667,1,"interleaved-2nd-cluster(sil=0.56,min=0.27,il=0.67);overlapping-volley"
flona12-20250920T1559-1_pulses,line_site_6,127,23720.086,23720.247,11,0.681,0.245,0.247,-0.384,0.600,0.364,0.500,1,"interleaved-2nd-cluster(sil=0.60,min=0.36,il=0.50);overlapping-volley"
flona12-20250920T1559-1_pulses,line_site_6,129,23720.327,23720.516,11,0.778,0.284,0.298,-0.607,0.568,0.182,1.000,1,"interleaved-2nd-cluster(sil=0.57,min=0.18,il=1.00);overlapping-volley"
flona12-20250920T1559-1_pulses,line_site_6,130,23720.587,23720.790,12,0.865,0.508,0.561,-0.068,0.514,0.417,0.800,1,"interleaved-2nd-cluster(sil=0.51,min=0.42,il=0.80);overlapping-volley"
flona12-20250920T1559-1_pulses,line_site_6,135,23723.299,23723.444,9,0.799,0.411,0.476,-0.630,0.487,0.111,1.000,0,"interleaved-2nd-cluster(sil=0.49,min=0.11,il=1.00);overlapping-volley"
flona12-20250920T1559-1_pulses,line_site_6,144,23728.839,23728.936,9,0.911,0.560,0.600,0.006,0.502,0.333,0.667,1,"interleaved-2nd-cluster(sil=0.50,min=0.33,il=0.67);overlapping-volley"
flona12-20250920T1559-1_pulses,line_site_6,149,23733.278,23734.036,60,0.869,0.721,1.383,-0.099,0.820,0.033,1.000,1,overlapping-volley
flona12-20250920T1559-1_pulses,line_site_6,150,23734.274,23734.366,9,0.858,0.523,0.573,-0.482,0.170,0.222,0.500,1,overlapping-volley
flona12-20250920T1559-1_pulses,line_site_6,161,23737.150,23738.561,93,0.903,0.535,0.760,-0.079,0.670,0.032,1.000,0,overlapping-volley
flona12-20250920T1559-1_pulses,line_site_6,163,23739.019,23739.567,32,0.880,0.509,0.559,-0.432,0.294,0.438,0.571,0,overlapping-volley
flona12-20250920T1559-1_pulses,line_site_6,167,23739.822,23741.158,123,0.800,0.266,0.692,0.231,0.305,0.341,0.690,0,overlapping-volley
flona12-20250920T1559-1_pulses,line_site_6,168,23741.626,23741.756,11,0.864,0.490,0.498,-0.655,0.268,0.273,0.667,0,overlapping-volley
flona12-20250920T1559-1_pulses,line_site_6,170,23742.254,23742.700,20,0.812,0.067,0.068,-0.832,0.431,0.350,0.286,0,overlapping-volley
flona12-20250920T1559-1_pulses,line_site_6,173,23743.169,23743.375,10,0.773,0.124,0.147,-0.458,0.491,0.300,0.333,0,overlapping-volley
flona12-20250920T1559-1_pulses,line_site_6,176,23750.350,23750.632,21,0.911,0.623,0.677,-0.665,0.358,0.476,0.300,1,overlapping-volley
flona12-20250920T1559-1_pulses,line_site_6,181,23752.113,23752.354,16,0.757,0.724,0.825,-0.596,0.203,0.438,0.571,2,overlapping-volley
flona12-20250920T1559-1_pulses,line_site_6,185,23757.272,23757.394,10,0.898,0.426,0.468,-0.689,0.203,0.500,0.600,0,overlapping-volley
flona12-20250920T1559-1_pulses,line_site_6,186,23757.719,23758.096,22,0.850,0.566,0.662,-0.726,0.446,0.409,0.111,0,overlapping-volley
flona12-20250920T1559-1_pulses,line_site_6,190,24587.939,24588.083,19,0.836,0.987,1.149,-0.550,0.458,0.368,0.571,0,"interleaved-2nd-cluster(sil=0.46,min=0.37,il=0.57);overlapping-volley"
flona12-20250920T1559-1_pulses,line_site_6,194,25904.861,25904.972,20,0.783,0.839,0.988,-0.685,0.568,0.400,0.125,1,overlapping-volley
flona12-20250920T1559-1_pulses,line_site_6,200,26553.622,26553.739,29,0.809,0.736,0.846,-0.556,0.319,0.276,0.625,2,overlapping-volley
flona12-20250920T1559-1_pulses,line_site_6,208,36302.094,36302.447,51,0.818,0.763,0.868,-0.013,0.770,0.333,0.059,1,overlapping-volley
flona12-20250920T1559-1_pulses,line_site_6,210,38318.680,38318.822,19,0.860,0.756,1.257,-0.650,0.739,0.053,1.000,1,overlapping-volley
flona12-20250920T1559-1_pulses,line_site_6,212,38319.258,38319.625,27,0.841,0.219,0.279,-0.678,0.343,0.407,0.364,1,overlapping-volley
flona12-20250920T1559-1_pulses,line_site_6,213,38319.655,38320.171,32,0.783,0.416,0.520,-0.772,0.399,0.406,0.385,1,overlapping-volley
flona12-20250920T1559-1_pulses,line_site_6,216,38320.651,38320.957,21,0.967,0.348,1.174,-0.339,0.495,0.286,1.000,1,"interleaved-2nd-cluster(sil=0.49,min=0.29,il=1.00);overlapping-volley"
flona12-20250920T1559-1_pulses,line_site_6,217,38320.993,38321.285,18,0.859,0.348,0.501,-0.316,0.374,0.444,0.500,1,overlapping-volley
flona12-20250920T1559-1_pulses,line_site_6,220,38321.628,38321.985,23,0.851,0.142,0.155,-0.441,0.326,0.304,0.714,1,overlapping-volley
flona12-20250920T1559-1_pulses,line_site_6,224,41795.028,41795.068,8,0.825,1.282,1.316,-0.774,0.750,0.500,0.250,0,overlapping-volley
flona12-20250920T1559-1_pulses,line_site_6,225,41795.096,41795.192,17,0.818,0.903,0.981,-0.026,0.740,0.412,0.571,0,"interleaved-2nd-cluster(sil=0.74,min=0.41,il=0.57);overlapping-volley"
flona12-20250920T1559-1_pulses,line_site_6,228,48061.703,48061.826,17,0.916,0.649,1.041,-0.550,0.271,0.294,0.400,0,overlapping-volley
flona12-20250920T1559-1_pulses,line_site_6,229,48062.318,48062.381,8,0.960,0.778,0.885,-0.278,0.434,0.125,1.000,0,overlapping-volley
flona12-20250920T1559-1_pulses,line_site_6,231,98508.463,98508.553,13,0.729,1.029,1.088,-0.571,0.276,0.231,1.000,0,overlapping-volley
flona12-20250920T1559-1_pulses,line_site_6,232,98509.099,98509.226,20,0.764,1.162,1.454,-0.441,0.248,0.400,0.875,0,overlapping-volley
flona12-20250920T1559-1_pulses,line_site_6,233,98509.732,98509.916,40,0.796,1.044,1.202,0.042,0.224,0.400,0.188,0,overlapping-volley
flona12-20250920T1559-1_pulses,line_site_6,236,98576.715,98576.751,10,0.781,0.829,0.868,-0.454,0.856,0.100,1.000,2,"interleaved-2nd-cluster(sil=0.86,min=0.10,il=1.00)"
flona12-20250920T1559-1_pulses,line_site_6,237,98579.834,98580.041,34,0.806,1.114,1.628,-0.267,0.915,0.059,0.500,2,overlapping-volley
flona12-20250920T1559-1_pulses,line_site_6,247,98928.325,98928.492,38,0.786,0.903,1.203,-0.257,0.619,0.158,0.667,1,"interleaved-2nd-cluster(sil=0.62,min=0.16,il=0.67);overlapping-volley"
flona12-20250920T1559-1_pulses,line_site_6,250,98929.237,98929.349,28,0.663,1.233,1.317,-0.363,0.526,0.357,0.500,1,"interleaved-2nd-cluster(sil=0.53,min=0.36,il=0.50);overlapping-volley"
flona12-20250920T1559-1_pulses,line_site_6,251,98930.036,98930.074,11,0.805,0.538,0.550,0.039,0.440,0.091,1.000,1,overlapping-volley
flona12-20250920T1559-1_pulses,line_site_6,252,98943.122,98943.547,67,0.829,0.977,1.495,-0.084,0.488,0.313,0.143,0,overlapping-volley
flona12-20250920T1559-1_pulses,line_site_6,253,98943.575,98943.698,10,0.713,0.980,1.074,-0.873,0.522,0.500,0.200,0,overlapping-volley
flona12-20250920T1559-1_pulses,line_site_6,256,98946.584,98946.653,11,0.826,1.342,1.395,-0.503,0.763,0.182,0.500,0,"interleaved-2nd-cluster(sil=0.76,min=0.18,il=0.50)"
flona12-20250920T1559-1_pulses,line_site_6,258,99071.419,99071.447,8,0.816,0.596,0.667,-0.498,0.538,0.125,1.000,3,"interleaved-2nd-cluster(sil=0.54,min=0.12,il=1.00)"
flona16-20250916T1521-1_pulses,line_site_7,1,14219.076,14219.111,9,0.804,0.398,0.412,-0.502,0.639,0.111,1.000,0,"interleaved-2nd-cluster(sil=0.64,min=0.11,il=1.00);overlapping-volley"
flona16-20250916T1521-1_pulses,line_site_7,3,14219.182,14219.267,15,0.816,0.925,1.011,-0.259,0.634,0.400,0.333,0,overlapping-volley
flona16-20250916T1521-1_pulses,line_site_7,8,17830.525,17830.603,19,0.769,0.786,0.871,-0.560,0.754,0.105,1.000,0,"interleaved-2nd-cluster(sil=0.75,min=0.11,il=1.00);overlapping-volley"
flona16-20250916T1521-1_pulses,line_site_7,9,17830.642,17830.943,27,0.855,0.877,0.943,-0.401,0.506,0.074,1.000,0,overlapping-volley
flona16-20250916T1521-1_pulses,line_site_7,13,18038.113,18038.155,8,0.795,1.001,1.041,-0.399,0.157,0.500,0.250,0,overlapping-volley
flona16-20250916T1521-1_pulses,line_site_7,21,19398.368,19398.513,34,0.793,0.469,0.672,-0.457,0.608,0.353,0.583,0,"interleaved-2nd-cluster(sil=0.61,min=0.35,il=0.58)"
flona16-20250916T1521-1_pulses,line_site_7,22,19500.166,19500.371,38,0.819,0.869,1.315,0.065,0.763,0.263,0.100,0,overlapping-volley
flona16-20250916T1521-1_pulses,line_site_7,26,22302.285,22302.356,14,0.791,0.924,0.932,-0.481,0.511,0.214,0.667,0,"interleaved-2nd-cluster(sil=0.51,min=0.21,il=0.67)"
flona16-20250916T1521-1_pulses,line_site_7,31,25420.631,25420.788,37,0.710,1.025,1.426,-0.280,0.377,0.459,0.353,2,overlapping-volley
flona16-20250916T1521-1_pulses,line_site_7,35,25428.915,25429.004,23,0.794,0.435,1.028,-0.095,0.483,0.217,0.600,0,"interleaved-2nd-cluster(sil=0.48,min=0.22,il=0.60);overlapping-volley"
flona16-20250916T1521-1_pulses,line_site_7,36,25429.830,25429.939,24,0.755,0.821,0.900,-0.794,0.361,0.417,0.600,0,overlapping-volley
flona16-20250916T1521-1_pulses,line_site_7,40,25640.836,25641.060,56,0.748,0.687,1.303,0.659,0.815,0.071,0.500,0,overlapping-volley
flona16-20250916T1521-1_pulses,line_site_7,42,26230.263,26230.320,14,0.760,1.144,1.149,-0.470,0.532,0.071,1.000,0,overlapping-volley
flona16-20250916T1521-1_pulses,line_site_7,44,30875.521,30875.596,20,0.770,0.757,0.962,-0.285,0.629,0.150,0.667,0,"interleaved-2nd-cluster(sil=0.63,min=0.15,il=0.67);overlapping-volley"
flona16-20250916T1521-1_pulses,line_site_7,49,31031.257,31031.660,39,0.877,0.566,0.777,-0.485,0.648,0.256,0.800,1,"interleaved-2nd-cluster(sil=0.65,min=0.26,il=0.80);overlapping-volley"
flona16-20250916T1521-1_pulses,line_site_7,52,31053.860,31054.006,33,0.805,0.764,0.940,-0.113,0.518,0.333,0.455,0,"interleaved-2nd-cluster(sil=0.52,min=0.33,il=0.45);overlapping-volley"
flona16-20250916T1521-1_pulses,line_site_7,53,31054.033,31054.378,70,0.800,0.752,1.360,0.190,0.848,0.029,0.500,0,overlapping-volley
flona16-20250916T1521-1_pulses,line_site_7,56,31054.644,31055.339,89,0.801,0.858,1.168,0.205,0.472,0.371,0.545,0,"interleaved-2nd-cluster(sil=0.47,min=0.37,il=0.55);overlapping-volley"
flona16-20250916T1521-1_pulses,line_site_7,58,31055.471,31056.335,64,0.883,0.737,1.246,0.091,0.738,0.031,1.000,0,overlapping-volley
flona16-20250916T1521-1_pulses,line_site_7,60,31056.523,31056.604,8,0.938,0.718,0.778,-0.280,0.780,0.375,0.667,0,"interleaved-2nd-cluster(sil=0.78,min=0.38,il=0.67);overlapping-volley"
flona16-20250916T1521-1_pulses,line_site_7,61,31056.673,31056.836,14,0.787,0.744,0.811,-0.544,0.584,0.500,0.571,0,"interleaved-2nd-cluster(sil=0.58,min=0.50,il=0.57);overlapping-volley"
flona16-20250916T1521-1_pulses,line_site_7,62,31056.870,31057.266,49,0.606,0.621,0.931,0.322,0.501,0.327,0.750,0,"interleaved-2nd-cluster(sil=0.50,min=0.33,il=0.75);overlapping-volley"
flona16-20250916T1521-1_pulses,line_site_7,66,31064.192,31064.700,70,0.859,0.352,0.596,0.164,0.431,0.386,0.481,1,overlapping-volley
flona16-20250916T1521-1_pulses,line_site_7,68,31066.090,31066.443,42,0.812,0.319,0.474,-0.148,0.573,0.405,0.588,2,"interleaved-2nd-cluster(sil=0.57,min=0.40,il=0.59);overlapping-volley"
flona16-20250916T1521-1_pulses,line_site_7,70,31067.647,31067.774,8,0.775,0.496,0.516,-0.339,0.571,0.375,0.667,1,"interleaved-2nd-cluster(sil=0.57,min=0.38,il=0.67);overlapping-volley"
flona16-20250916T1521-1_pulses,line_site_7,72,31068.416,31068.573,12,0.854,0.833,0.983,-0.720,0.395,0.417,0.600,1,overlapping-volley
flona16-20250916T1521-1_pulses,line_site_7,73,31068.718,31068.944,16,0.917,0.396,0.501,-0.309,0.305,0.312,0.800,1,overlapping-volley
flona16-20250916T1521-1_pulses,line_site_7,76,31069.379,31069.668,17,0.887,0.372,0.377,-0.140,0.604,0.059,1.000,0,overlapping-volley
flona16-20250916T1521-1_pulses,line_site_7,78,31069.998,31070.123,10,0.872,0.545,0.609,-0.583,0.407,0.300,0.667,0,overlapping-volley
flona16-20250916T1521-1_pulses,line_site_7,79,31070.151,31070.587,26,0.863,0.286,0.591,-0.480,0.518,0.346,0.444,0,overlapping-volley
flona16-20250916T1521-1_pulses,line_site_7,80,31070.715,31070.905,11,0.909,0.356,0.357,-0.471,0.564,0.455,0.600,0,"interleaved-2nd-cluster(sil=0.56,min=0.45,il=0.60);overlapping-volley"
flona16-20250916T1521-1_pulses,line_site_7,81,31070.930,31071.256,18,0.726,0.209,0.259,-0.524,0.527,0.444,0.750,0,"interleaved-2nd-cluster(sil=0.53,min=0.44,il=0.75);overlapping-volley"
flona16-20250916T1521-1_pulses,line_site_7,85,31071.824,31072.019,12,0.874,0.232,0.261,-0.113,0.691,0.083,1.000,0,"interleaved-2nd-cluster(sil=0.69,min=0.08,il=1.00);overlapping-volley"
flona16-20250916T1521-1_pulses,line_site_7,87,31072.173,31072.339,10,0.766,0.405,0.467,-0.672,0.494,0.400,0.750,0,"interleaved-2nd-cluster(sil=0.49,min=0.40,il=0.75);overlapping-volley"
flona16-20250916T1521-1_pulses,line_site_7,88,31072.366,31072.512,8,0.718,0.206,0.212,-0.462,0.629,0.500,0.750,0,"interleaved-2nd-cluster(sil=0.63,min=0.50,il=0.75);overlapping-volley"
flona16-20250916T1521-1_pulses,line_site_7,89,31072.569,31072.956,24,0.769,0.530,0.578,-0.531,0.567,0.458,0.545,0,"interleaved-2nd-cluster(sil=0.57,min=0.46,il=0.55);overlapping-volley"
flona16-20250916T1521-1_pulses,line_site_7,93,31074.025,31074.130,8,0.846,0.317,0.337,0.210,0.559,0.375,0.333,0,overlapping-volley
flona16-20250916T1521-1_pulses,line_site_7,94,31074.157,31074.445,15,0.744,0.191,0.195,-0.499,0.472,0.333,0.800,0,"interleaved-2nd-cluster(sil=0.47,min=0.33,il=0.80);overlapping-volley"
flona16-20250916T1521-1_pulses,line_site_7,98,31077.417,31077.777,25,0.900,0.308,0.481,-0.669,0.772,0.040,1.000,0,overlapping-volley
flona16-20250916T1521-1_pulses,line_site_7,99,31077.817,31077.982,9,0.768,0.156,0.163,-0.075,0.489,0.111,1.000,0,"interleaved-2nd-cluster(sil=0.49,min=0.11,il=1.00);overlapping-volley"
flona16-20250916T1521-1_pulses,line_site_7,100,31078.007,31078.623,31,0.697,0.218,0.336,-0.549,0.440,0.484,0.467,0,overlapping-volley
flona16-20250916T1521-1_pulses,line_site_7,110,31079.686,31080.016,19,0.764,0.554,0.577,-0.684,0.695,0.105,0.500,0,"interleaved-2nd-cluster(sil=0.69,min=0.11,il=0.50);overlapping-volley"
flona16-20250916T1521-1_pulses,line_site_7,113,31080.506,31080.582,8,0.802,0.413,0.420,-0.444,0.718,0.375,1.000,0,"interleaved-2nd-cluster(sil=0.72,min=0.38,il=1.00);overlapping-volley"
flona16-20250916T1521-1_pulses,line_site_7,115,31080.862,31081.025,9,0.837,0.181,0.206,-0.075,0.657,0.444,0.500,0,"interleaved-2nd-cluster(sil=0.66,min=0.44,il=0.50);overlapping-volley"
flona16-20250916T1521-1_pulses,line_site_7,120,31100.429,31100.570,11,0.923,0.648,0.655,-0.113,0.815,0.455,0.400,0,overlapping-volley
flona16-20250916T1521-1_pulses,line_site_7,122,31100.683,31100.826,8,0.841,0.305,0.358,-0.573,0.556,0.500,0.750,0,"interleaved-2nd-cluster(sil=0.56,min=0.50,il=0.75);overlapping-volley"
flona16-20250916T1521-1_pulses,line_site_7,123,31101.045,31101.281,14,0.931,0.392,0.453,-0.360,0.737,0.500,0.714,0,"interleaved-2nd-cluster(sil=0.74,min=0.50,il=0.71);overlapping-volley"
flona16-20250916T1521-1_pulses,line_site_7,126,31101.452,31101.614,9,0.727,0.185,0.213,-0.881,0.595,0.333,0.667,0,"interleaved-2nd-cluster(sil=0.59,min=0.33,il=0.67);overlapping-volley"
flona16-20250916T1521-1_pulses,line_site_7,129,31105.130,31105.894,72,0.925,0.592,0.656,0.137,0.502,0.417,0.667,1,"interleaved-2nd-cluster(sil=0.50,min=0.42,il=0.67);overlapping-volley"
flona16-20250916T1521-1_pulses,line_site_7,136,31112.568,31112.704,14,0.849,0.533,0.556,-0.650,0.849,0.071,1.000,0,overlapping-volley
flona16-20250916T1521-1_pulses,line_site_7,137,31112.731,31113.999,97,0.838,0.263,0.734,-0.084,0.303,0.206,0.700,0,overlapping-volley
flona16-20250916T1521-1_pulses,line_site_7,142,33241.989,33242.046,13,0.846,0.653,0.667,-0.478,0.564,0.231,1.000,0,"interleaved-2nd-cluster(sil=0.56,min=0.23,il=1.00)"
flona16-20250916T1521-1_pulses,line_site_7,145,33724.451,33724.593,27,0.804,0.630,0.661,-0.469,0.382,0.407,0.545,1,overlapping-volley
flona16-20250916T1521-1_pulses,line_site_7,146,33809.210,33809.386,38,0.791,0.889,1.327,-0.007,0.333,0.474,0.389,0,overlapping-volley
flona16-20250916T1521-1_pulses,line_site_7,147,33809.418,33809.467,10,0.807,0.683,0.846,-0.375,0.428,0.500,0.600,0,overlapping-volley
flona16-20250916T1521-1_pulses,line_site_7,150,35573.734,35573.883,25,0.702,1.244,1.266,-0.444,0.515,0.320,0.625,1,"interleaved-2nd-cluster(sil=0.52,min=0.32,il=0.62)"
flona16-20250916T1521-1_pulses,line_site_7,158,41693.383,41693.496,19,0.909,1.122,1.182,-0.771,0.856,0.105,0.500,0,"interleaved-2nd-cluster(sil=0.86,min=0.11,il=0.50)"
flona16-20250916T1521-1_pulses,line_site_7,160,43343.382,43343.531,34,0.785,1.150,1.481,-0.082,0.400,0.353,0.333,0,overlapping-volley
flona16-20250916T1521-1_pulses,line_site_7,161,43343.592,43343.662,8,0.876,1.192,1.228,-0.360,0.420,0.375,0.667,0,overlapping-volley
flona16-20250916T1521-1_pulses,line_site_7,163,43348.073,43348.477,102,0.852,0.684,1.417,0.440,0.506,0.373,0.447,0,overlapping-volley
flona16-20250916T1521-1_pulses,line_site_7,167,43351.203,43351.283,9,0.849,0.658,0.707,-0.669,0.561,0.222,1.000,0,"interleaved-2nd-cluster(sil=0.56,min=0.22,il=1.00);overlapping-volley"
flona16-20250916T1521-1_pulses,line_site_7,168,43352.088,43352.183,9,0.887,0.663,0.669,-0.645,0.576,0.222,0.500,0,"interleaved-2nd-cluster(sil=0.58,min=0.22,il=0.50);overlapping-volley"
flona16-20250916T1521-1_pulses,line_site_7,169,43766.578,43766.805,50,0.807,0.672,1.000,0.172,0.270,0.440,0.545,0,overlapping-volley
flona16-20250916T1521-1_pulses,line_site_7,173,45158.044,45158.200,41,0.778,0.634,0.934,0.015,0.525,0.317,0.462,0,"interleaved-2nd-cluster(sil=0.53,min=0.32,il=0.46)"
flona16-20250916T1521-1_pulses,line_site_7,177,45185.797,45185.864,14,0.813,0.767,0.801,-0.153,0.553,0.071,1.000,0,overlapping-volley
flona16-20250916T1521-1_pulses,line_site_7,179,45186.118,45186.667,61,0.837,0.591,0.728,0.044,0.728,0.016,1.000,0,overlapping-volley
flona16-20250916T1521-1_pulses,line_site_7,191,49719.464,49719.623,45,0.833,0.364,1.292,-0.058,0.731,0.022,1.000,0,overlapping-volley
flona16-20250916T1521-1_pulses,line_site_7,193,49721.480,49721.583,22,0.804,0.736,1.314,-0.383,0.705,0.182,0.500,0,"interleaved-2nd-cluster(sil=0.71,min=0.18,il=0.50)"
flona16-20250916T1521-1_pulses,line_site_7,194,49723.283,49723.516,46,0.808,0.884,1.386,0.155,0.289,0.413,0.474,0,overlapping-volley
flona16-20250916T1521-1_pulses,line_site_7,198,49725.160,49725.243,22,0.821,1.258,1.278,-0.135,0.814,0.136,0.667,0,"interleaved-2nd-cluster(sil=0.81,min=0.14,il=0.67);overlapping-volley"
flona16-20250916T1521-1_pulses,line_site_7,199,49726.205,49726.274,14,0.807,0.670,1.076,-0.371,0.771,0.214,0.667,0,"interleaved-2nd-cluster(sil=0.77,min=0.21,il=0.67);overlapping-volley"
flona16-20250916T1521-1_pulses,line_site_7,200,49730.150,49730.237,22,0.816,0.839,1.150,-0.457,0.706,0.227,0.600,0,"interleaved-2nd-cluster(sil=0.71,min=0.23,il=0.60)"
flona16-20250916T1521-1_pulses,line_site_7,202,49755.300,49755.546,52,0.815,0.649,1.590,0.004,0.574,0.077,0.750,0,overlapping-volley
flona16-20250916T1521-1_pulses,line_site_7,205,49808.318,49808.540,48,0.789,0.665,0.959,-0.204,0.395,0.396,0.211,0,overlapping-volley
flona16-20250916T1521-1_pulses,line_site_7,212,51357.601,51357.630,8,0.777,0.730,0.756,-0.678,0.544,0.125,1.000,0,"interleaved-2nd-cluster(sil=0.54,min=0.12,il=1.00);overlapping-volley"
flona16-20250916T1521-1_pulses,line_site_7,213,51357.803,51358.160,69,0.803,0.741,1.433,-0.048,0.481,0.246,0.588,0,"interleaved-2nd-cluster(sil=0.48,min=0.25,il=0.59);overlapping-volley"
flona16-20250916T1521-1_pulses,line_site_7,215,51358.329,51358.372,9,0.808,0.909,1.048,-0.347,0.481,0.111,1.000,0,"interleaved-2nd-cluster(sil=0.48,min=0.11,il=1.00);overlapping-volley"
flona16-20250916T1521-1_pulses,line_site_7,218,51359.166,51359.797,101,0.810,0.635,1.191,0.284,0.792,0.010,1.000,0,overlapping-volley
flona16-20250916T1521-1_pulses,line_site_7,225,51361.917,51361.957,8,0.713,0.404,0.448,-0.880,0.782,0.125,1.000,0,"interleaved-2nd-cluster(sil=0.78,min=0.12,il=1.00);overlapping-volley"
flona16-20250916T1521-1_pulses,line_site_7,229,100649.157,100649.287,23,0.757,1.198,1.347,-0.232,0.672,0.130,1.000,0,"interleaved-2nd-cluster(sil=0.67,min=0.13,il=1.00)"
flona16-20250916T1521-1_pulses,line_site_7,233,103567.996,103568.069,11,0.789,1.489,1.530,-0.833,0.458,0.091,1.000,0,"interleaved-2nd-cluster(sil=0.46,min=0.09,il=1.00)"
flona16-20250916T1521-1_pulses,line_site_7,236,105510.615,105510.659,11,0.734,0.700,0.716,-0.831,0.535,0.273,0.667,0,"interleaved-2nd-cluster(sil=0.54,min=0.27,il=0.67)"
flona16-20250916T1521-1_pulses,line_site_7,237,106339.062,106339.318,53,0.786,0.669,0.962,-0.211,0.753,0.038,1.000,0,overlapping-volley
flona16-20250916T1521-1_pulses,line_site_7,246,107543.395,107543.448,8,0.879,0.966,0.981,-0.321,0.450,0.125,1.000,0,"interleaved-2nd-cluster(sil=0.45,min=0.12,il=1.00);overlapping-volley"
flona16-20250916T1521-1_pulses,line_site_7,253,110873.206,110873.348,30,0.800,1.279,1.419,-0.238,0.426,0.333,0.400,1,overlapping-volley
flona16-20250916T1521-1_pulses,line_site_7,261,114552.642,114552.701,9,0.854,1.004,1.009,-0.031,0.572,0.444,0.250,4,overlapping-volley
flona16-20250916T1521-1_pulses,line_site_7,262,114552.707,114552.805,16,0.789,0.870,1.177,-0.055,0.592,0.250,0.250,4,overlapping-volley
flona16-20250916T1521-1_pulses,line_site_7,264,114796.061,114796.777,91,0.871,0.828,1.358,0.420,0.458,0.385,0.714,1,"interleaved-2nd-cluster(sil=0.46,min=0.38,il=0.71);overlapping-volley"
flona16-20250916T1521-1_pulses,line_site_7,265,114796.810,114797.083,35,0.774,0.882,1.320,-0.071,0.397,0.343,0.750,1,overlapping-volley
flona16-20250916T1521-1_pulses,line_site_7,272,114797.653,114797.800,12,0.863,0.619,0.652,-0.593,0.525,0.333,0.500,1,"interleaved-2nd-cluster(sil=0.52,min=0.33,il=0.50);overlapping-volley"
flona16-20250916T1521-1_pulses,line_site_7,281,114801.076,114801.540,36,0.834,0.588,0.728,-0.393,0.862,0.028,1.000,1,overlapping-volley
flona16-20250916T1521-1_pulses,line_site_7,282,114801.575,114801.715,8,0.797,0.358,0.394,-0.249,0.447,0.125,1.000,2,overlapping-volley
flona16-20250916T1521-1_pulses,line_site_7,288,114802.356,114803.263,73,0.719,0.779,1.252,0.257,0.396,0.301,0.455,2,overlapping-volley
flona16-20250916T1521-1_pulses,line_site_7,302,114807.636,114807.966,29,0.917,0.879,1.189,-0.169,0.671,0.138,1.000,5,"interleaved-2nd-cluster(sil=0.67,min=0.14,il=1.00);overlapping-volley"
flona16-20250916T1521-1_pulses,line_site_7,339,114816.577,114816.973,32,0.908,0.724,1.237,-0.043,0.400,0.406,0.692,1,overlapping-volley
flona16-20250916T1521-1_pulses,line_site_7,341,114817.078,114817.201,8,0.814,0.082,0.083,-0.762,0.447,0.125,1.000,1,overlapping-volley
flona16-20250916T1521-1_pulses,line_site_7,344,114819.477,114820.004,47,0.918,0.848,0.938,0.050,0.299,0.340,0.750,0,overlapping-volley
flona16-20250916T1521-1_pulses,line_site_7,345,114820.029,114820.224,14,0.829,0.201,0.312,-0.087,0.560,0.214,0.667,1,"interleaved-2nd-cluster(sil=0.56,min=0.21,il=0.67);overlapping-volley"
flona16-20250916T1521-1_pulses,line_site_7,348,114822.660,114822.745,8,0.860,0.831,0.846,-0.615,0.642,0.250,1.000,2,"interleaved-2nd-cluster(sil=0.64,min=0.25,il=1.00);overlapping-volley"
flona16-20250916T1521-1_pulses,line_site_7,361,114823.268,114823.385,10,0.718,0.666,0.682,-0.307,0.747,0.100,1.000,2,"interleaved-2nd-cluster(sil=0.75,min=0.10,il=1.00);overlapping-volley"
flona16-20250916T1521-1_pulses,line_site_7,368,114827.901,114827.962,11,0.914,0.433,0.457,-0.248,0.428,0.455,0.400,2,overlapping-volley
flona16-20250916T1521-1_pulses,line_site_7,370,114829.091,114829.167,12,0.884,0.332,0.334,-0.365,0.596,0.417,0.600,2,"interleaved-2nd-cluster(sil=0.60,min=0.42,il=0.60);overlapping-volley"
flona16-20250916T1521-1_pulses,line_site_7,375,114829.324,114829.472,13,0.793,0.173,0.191,-0.528,0.612,0.462,0.667,2,"interleaved-2nd-cluster(sil=0.61,min=0.46,il=0.67);overlapping-volley"
flona16-20250916T1521-1_pulses,line_site_7,384,114833.998,114834.076,12,0.775,1.021,1.027,-0.283,0.400,0.417,0.600,3,overlapping-volley
flona16-20250916T1521-1_pulses,line_site_7,391,114835.506,114835.669,12,0.805,0.175,0.178,-0.502,0.805,0.250,1.000,3,"interleaved-2nd-cluster(sil=0.80,min=0.25,il=1.00);overlapping-volley"
flona16-20250916T1521-1_pulses,line_site_7,399,114836.523,114836.686,9,0.856,0.162,0.173,-0.112,0.459,0.333,0.667,2,"interleaved-2nd-cluster(sil=0.46,min=0.33,il=0.67);overlapping-volley"
flona16-20250916T1521-1_pulses,line_site_7,403,114837.097,114837.222,8,0.855,0.155,0.165,-0.537,0.308,0.375,0.667,2,overlapping-volley
flona16-20250916T1521-1_pulses,line_site_7,422,114841.166,114841.911,53,0.828,0.165,0.185,-0.016,0.435,0.415,0.591,1,overlapping-volley
flona16-20250916T1521-1_pulses,line_site_7,423,114844.048,114844.140,11,0.871,0.959,1.030,-0.447,0.752,0.364,0.750,2,"interleaved-2nd-cluster(sil=0.75,min=0.36,il=0.75);overlapping-volley"
flona16-20250916T1521-1_pulses,line_site_7,425,114844.148,114844.213,8,0.813,0.096,0.099,-0.766,0.691,0.375,1.000,2,"interleaved-2nd-cluster(sil=0.69,min=0.38,il=1.00);overlapping-volley"
flona16-20250916T1521-1_pulses,line_site_7,430,114844.472,114844.604,9,0.830,0.221,0.223,-0.609,0.773,0.444,0.500,2,"interleaved-2nd-cluster(sil=0.77,min=0.44,il=0.50);overlapping-volley"
flona16-20250916T1521-1_pulses,line_site_7,436,114848.020,114848.135,8,0.917,0.397,0.445,-0.113,0.512,0.500,0.250,2,overlapping-volley
flona16-20250916T1521-1_pulses,line_site_7,438,114849.096,114849.803,43,0.944,0.337,0.443,-0.319,0.701,0.116,0.200,2,overlapping-volley
flona16-20250916T1521-1_pulses,line_site_7,439,114851.596,114851.829,16,0.940,0.370,0.544,-0.402,0.562,0.438,0.286,2,overlapping-volley
flona16-20250916T1521-1_pulses,line_site_7,454,114853.855,114854.039,10,0.755,0.157,0.168,-0.643,0.669,0.400,0.250,2,overlapping-volley
flona16-20250916T1521-1_pulses,line_site_7,456,114855.062,114855.235,10,0.907,0.338,0.390,-0.301,0.699,0.100,1.000,3,"interleaved-2nd-cluster(sil=0.70,min=0.10,il=1.00);overlapping-volley"
flona16-20250916T1521-1_pulses,line_site_7,464,114862.115,114862.300,12,0.738,0.147,0.171,-0.448,0.641,0.250,1.000,1,"interleaved-2nd-cluster(sil=0.64,min=0.25,il=1.00);overlapping-volley"
flona16-20250916T1521-1_pulses,line_site_7,477,114866.159,114866.600,26,0.822,0.172,0.259,-0.320,0.589,0.423,0.636,1,"interleaved-2nd-cluster(sil=0.59,min=0.42,il=0.64);overlapping-volley"
flona16-20250916T1521-1_pulses,line_site_7,479,114870.341,114871.082,42,0.830,0.222,0.256,-0.062,0.357,0.357,0.800,0,overlapping-volley
flona16-20250916T1521-1_pulses,line_site_7,480,114875.112,114875.434,25,0.891,0.688,0.934,-0.068,0.483,0.400,0.700,1,"interleaved-2nd-cluster(sil=0.48,min=0.40,il=0.70);overlapping-volley"
flona16-20250916T1521-1_pulses,line_site_7,481,114875.467,114875.835,21,0.833,0.104,0.152,-0.421,0.529,0.429,0.667,2,"interleaved-2nd-cluster(sil=0.53,min=0.43,il=0.67);overlapping-volley"
flona16-20250916T1521-1_pulses,line_site_7,484,114893.044,114893.490,29,0.652,0.199,0.209,-0.652,0.684,0.207,0.333,1,overlapping-volley
flona16-20250916T1521-1_pulses,line_site_7,485,114893.518,114893.632,9,0.664,0.135,0.138,-0.344,0.252,0.444,0.750,1,overlapping-volley
flona16-20250916T1521-1_pulses,line_site_7,492,117213.878,117214.237,67,0.814,0.828,0.987,-0.156,0.887,0.030,0.500,1,overlapping-volley
flona16-20250916T1521-1_pulses,line_site_7,493,117214.269,117214.534,24,0.787,1.024,1.071,-0.435,0.435,0.375,0.667,1,overlapping-volley
flona16-20250916T1521-1_pulses,line_site_7,501,117215.488,117215.944,33,0.904,0.889,0.955,-0.213,0.513,0.455,0.600,0,"interleaved-2nd-cluster(sil=0.51,min=0.45,il=0.60);overlapping-volley"
flona16-20250916T1521-1_pulses,line_site_7,504,117216.277,117216.795,34,0.863,0.511,0.588,0.032,0.584,0.353,0.750,0,"interleaved-2nd-cluster(sil=0.58,min=0.35,il=0.75);overlapping-volley"
flona16-20250916T1521-1_pulses,line_site_7,510,117219.138,117219.481,35,0.867,0.714,0.932,0.106,0.588,0.171,0.500,2,"interleaved-2nd-cluster(sil=0.59,min=0.17,il=0.50);overlapping-volley"
flona16-20250916T1521-1_pulses,line_site_7,518,117230.326,117230.509,13,0.751,0.526,0.565,-0.217,0.607,0.385,0.400,3,overlapping-volley
flona16-20250916T1521-1_pulses,line_site_7,522,117234.990,117235.099,9,0.921,0.450,0.464,-0.009,0.602,0.222,1.000,2,"interleaved-2nd-cluster(sil=0.60,min=0.22,il=1.00);overlapping-volley"
flona16-20250916T1521-1_pulses,line_site_7,524,117236.969,117237.077,10,0.754,0.758,0.778,-0.577,0.452,0.100,1.000,2,"interleaved-2nd-cluster(sil=0.45,min=0.10,il=1.00);overlapping-volley"
flona16-20250916T1521-1_pulses,line_site_7,528,117237.275,117238.283,70,0.865,0.322,0.641,-0.331,0.812,0.029,1.000,2,overlapping-volley
flona16-20250916T1521-1_pulses,line_site_7,544,117246.995,117247.201,14,0.669,0.191,0.195,-0.411,0.339,0.500,0.143,3,overlapping-volley
flona16-20250916T1521-1_pulses,line_site_7,547,119359.327,119359.382,9,0.758,0.775,0.855,-0.896,0.505,0.444,0.500,1,"interleaved-2nd-cluster(sil=0.51,min=0.44,il=0.50)"
flona16-20250916T1521-1_pulses,line_site_7,550,119836.041,119836.115,11,0.854,1.178,1.273,-0.508,0.583,0.273,0.333,0,overlapping-volley
flona16-20250916T1521-1_pulses,line_site_7,553,120678.482,120678.555,12,0.643,1.081,1.093,-0.416,0.696,0.250,0.667,1,"interleaved-2nd-cluster(sil=0.70,min=0.25,il=0.67);overlapping-volley"
flona16-20250916T1521-1_pulses,line_site_7,555,120678.581,120678.860,64,0.770,0.562,1.080,-0.101,0.928,0.031,0.500,1,overlapping-volley
flona16-20250916T1521-1_pulses,line_site_7,558,121000.828,121000.878,8,0.857,0.745,0.790,-0.536,0.596,0.500,0.750,0,"interleaved-2nd-cluster(sil=0.60,min=0.50,il=0.75);overlapping-volley"
flona16-20250916T1521-1_pulses,line_site_7,562,122753.144,122753.257,28,0.786,0.617,0.641,-0.145,0.715,0.179,0.600,1,"interleaved-2nd-cluster(sil=0.72,min=0.18,il=0.60);overlapping-volley"
flona16-20250916T1521-1_pulses,line_site_7,564,123292.165,123292.292,34,0.789,1.012,1.185,-0.141,0.534,0.088,0.667,1,"interleaved-2nd-cluster(sil=0.53,min=0.09,il=0.67);overlapping-volley"
flona16-20250916T1521-1_pulses,line_site_7,565,123293.169,123293.411,56,0.797,0.677,0.963,0.198,0.826,0.071,0.500,1,overlapping-volley
flona16-20250916T1521-1_pulses,line_site_7,571,127412.278,127412.406,26,0.768,0.743,1.039,-0.647,0.565,0.154,0.750,0,"interleaved-2nd-cluster(sil=0.56,min=0.15,il=0.75)"
flona16-20250916T1521-1_pulses,line_site_7,575,127563.309,127563.344,11,0.767,0.722,0.752,-0.304,0.763,0.182,0.500,0,"interleaved-2nd-cluster(sil=0.76,min=0.18,il=0.50);overlapping-volley"
flona16-20250916T1521-1_pulses,line_site_7,579,128768.580,128768.645,16,0.820,0.405,0.426,-0.183,0.791,0.062,1.000,0,overlapping-volley
flona16-20250916T1521-1_pulses,line_site_7,580,128768.748,128768.851,15,0.833,0.463,0.488,-0.091,0.261,0.400,0.667,0,overlapping-volley
flona16-20250916T1521-1_pulses,line_site_7,582,128769.183,128769.243,8,0.839,0.522,0.594,0.084,0.208,0.375,0.333,0,overlapping-volley
flona16-20250916T1521-1_pulses,line_site_7,584,129232.546,129232.602,9,0.904,1.039,1.215,-0.524,0.588,0.222,0.500,0,"interleaved-2nd-cluster(sil=0.59,min=0.22,il=0.50);overlapping-volley"
flona16-20250916T1521-1_pulses,line_site_7,595,131654.857,131654.977,11,0.811,1.198,1.248,-0.592,0.589,0.091,1.000,4,"interleaved-2nd-cluster(sil=0.59,min=0.09,il=1.00);overlapping-volley"
flona16-20250916T1521-1_pulses,line_site_7,599,131659.652,131659.771,10,0.864,0.758,0.911,-0.524,0.369,0.200,1.000,3,overlapping-volley
flona16-20250916T1521-1_pulses,line_site_7,608,131665.816,131665.997,15,0.953,0.860,1.404,-0.149,0.408,0.467,0.571,2,overlapping-volley
flona16-20250916T1521-1_pulses,line_site_7,610,131666.051,131666.261,19,0.878,0.456,0.717,-0.309,0.690,0.053,1.000,2,overlapping-volley
flona16-20250916T1521-1_pulses,line_site_7,613,131669.463,131669.957,41,0.859,0.488,0.640,-0.053,0.353,0.390,0.688,2,overlapping-volley
flona16-20250916T1521-1_pulses,line_site_7,614,131669.983,131670.199,15,0.776,0.314,0.324,-0.312,0.815,0.067,1.000,2,overlapping-volley
flona16-20250916T1521-1_pulses,line_site_7,619,131671.225,131671.428,19,0.707,0.803,0.983,-0.669,0.754,0.105,0.500,3,"interleaved-2nd-cluster(sil=0.75,min=0.11,il=0.50);overlapping-volley"
flona16-20250916T1521-1_pulses,line_site_7,661,131677.787,131677.961,9,0.793,0.193,0.195,-0.922,0.517,0.444,1.000,2,"interleaved-2nd-cluster(sil=0.52,min=0.44,il=1.00);overlapping-volley"
flona16-20250916T1521-1_pulses,line_site_7,688,131684.625,131684.725,9,0.799,0.764,0.776,-0.504,0.364,0.444,0.750,5,overlapping-volley
flona16-20250916T1521-1_pulses,line_site_7,701,131687.032,131687.203,10,0.780,0.206,0.235,-0.443,0.373,0.400,0.750,4,overlapping-volley
flona16-20250916T1521-1_pulses,line_site_7,706,131688.993,131689.660,58,0.802,0.723,1.027,-0.074,0.696,0.052,1.000,4,overlapping-volley
flona16-20250916T1521-1_pulses,line_site_7,715,131692.501,131692.610,8,0.702,0.811,0.819,-0.700,0.414,0.250,0.500,4,overlapping-volley
flona16-20250916T1521-1_pulses,line_site_7,749,131711.329,131711.490,14,0.773,0.567,0.619,-0.391,0.582,0.071,1.000,2,overlapping-volley
flona16-20250916T1521-1_pulses,line_site_7,758,131713.565,131714.609,59,0.850,0.449,0.637,0.057,0.802,0.034,1.000,3,overlapping-volley
flona16-20250916T1521-1_pulses,line_site_7,782,133527.037,133527.081,9,0.780,0.806,0.859,-0.590,0.466,0.333,0.667,0,"interleaved-2nd-cluster(sil=0.47,min=0.33,il=0.67)"
flona16-20250918T1636-1_pulses,line_site_7,0,10324.655,10324.700,10,0.785,0.570,0.571,-0.719,0.776,0.100,1.000,0,"interleaved-2nd-cluster(sil=0.78,min=0.10,il=1.00)"
flona16-20250918T1636-1_pulses,line_site_7,5,11392.998,11393.251,61,0.760,1.034,1.225,-0.045,0.894,0.049,0.667,2,overlapping-volley
flona16-20250918T1636-1_pulses,line_site_7,15,11393.688,11393.749,8,0.704,1.199,1.273,-0.472,0.400,0.500,0.500,2,overlapping-volley
flona16-20250918T1636-1_pulses,line_site_7,16,11393.908,11394.055,21,0.816,1.127,1.232,-0.391,0.500,0.476,0.100,2,overlapping-volley
flona16-20250918T1636-1_pulses,line_site_7,21,11394.252,11394.385,10,0.793,0.493,0.565,-0.274,0.635,0.300,0.667,2,"interleaved-2nd-cluster(sil=0.64,min=0.30,il=0.67);overlapping-volley"
flona16-20250918T1636-1_pulses,line_site_7,31,21661.186,21661.226,9,0.781,0.946,1.104,-0.295,0.793,0.111,1.000,0,"interleaved-2nd-cluster(sil=0.79,min=0.11,il=1.00)"
flona16-20250918T1636-1_pulses,line_site_7,34,23315.110,23315.180,9,0.856,1.140,1.225,-0.928,0.704,0.333,0.333,0,overlapping-volley
flona16-20250918T1636-1_pulses,line_site_7,36,23315.477,23316.049,38,0.938,0.324,0.768,-0.280,0.805,0.079,1.000,0,overlapping-volley
flona16-20250918T1636-1_pulses,line_site_7,37,23316.220,23316.312,10,0.778,0.949,1.033,-0.817,0.842,0.200,0.500,0,"interleaved-2nd-cluster(sil=0.84,min=0.20,il=0.50);overlapping-volley"
flona16-20250918T1636-1_pulses,line_site_7,38,23316.518,23316.672,12,0.962,0.782,1.020,-0.620,0.422,0.500,0.667,0,overlapping-volley
flona16-20250918T1636-1_pulses,line_site_7,39,23316.719,23316.899,13,0.829,0.977,1.019,-0.556,0.837,0.077,1.000,0,overlapping-volley
flona16-20250918T1636-1_pulses,line_site_7,41,23317.091,23317.239,17,0.834,1.065,1.096,-0.494,0.789,0.176,0.667,0,"interleaved-2nd-cluster(sil=0.79,min=0.18,il=0.67);overlapping-volley"
flona16-20250918T1636-1_pulses,line_site_7,44,23317.504,23317.662,16,0.870,0.522,0.600,-0.767,0.852,0.062,1.000,0,overlapping-volley
flona16-20250918T1636-1_pulses,line_site_7,58,29775.192,29775.368,39,0.797,0.957,1.186,0.287,0.319,0.462,0.111,1,overlapping-volley
flona16-20250918T1636-1_pulses,line_site_7,62,30970.551,30970.576,8,0.828,0.266,0.319,0.192,0.255,0.375,0.667,0,overlapping-volley
flona16-20250918T1636-1_pulses,line_site_7,66,34298.038,34298.105,15,0.736,0.776,0.783,-0.301,0.249,0.200,0.667,0,overlapping-volley
flona16-20250918T1636-1_pulses,line_site_7,67,35884.482,35884.606,22,0.817,0.518,0.786,-0.717,0.514,0.455,0.500,0,"interleaved-2nd-cluster(sil=0.51,min=0.45,il=0.50)"
flona16-20250918T1636-1_pulses,line_site_7,69,36046.220,36046.419,48,0.753,0.492,0.743,-0.180,0.339,0.438,0.333,1,overlapping-volley
flona16-20250918T1636-1_pulses,line_site_7,74,37055.278,37055.338,14,0.777,0.798,0.841,-0.717,0.468,0.286,0.500,0,"interleaved-2nd-cluster(sil=0.47,min=0.29,il=0.50);overlapping-volley"
flona16-20250918T1636-1_pulses,line_site_7,76,37537.892,37538.048,33,0.778,0.886,1.248,-0.150,0.702,0.212,0.571,0,"interleaved-2nd-cluster(sil=0.70,min=0.21,il=0.57);overlapping-volley"
flona16-20250918T1636-1_pulses,line_site_7,78,37878.796,37878.950,28,0.760,1.088,1.417,-0.488,0.465,0.464,0.231,2,overlapping-volley
flona16-20250918T1636-1_pulses,line_site_7,79,37878.848,37878.917,8,0.664,1.384,1.426,-0.832,0.363,0.375,0.667,2,overlapping-volley
flona16-20250918T1636-1_pulses,line_site_7,80,37981.536,37982.233,141,0.806,0.829,1.507,0.056,0.592,0.461,0.062,0,overlapping-volley
flona16-20250918T1636-1_pulses,line_site_7,83,37982.600,37982.666,11,0.818,0.930,1.167,-0.462,0.640,0.182,0.500,0,"interleaved-2nd-cluster(sil=0.64,min=0.18,il=0.50);overlapping-volley"
flona16-20250918T1636-1_pulses,line_site_7,89,39894.062,39894.156,16,0.745,0.985,1.312,-0.850,0.402,0.250,0.250,0,overlapping-volley
flona16-20250918T1636-1_pulses,line_site_7,91,40172.292,40172.517,50,0.772,0.961,1.541,-0.293,0.606,0.120,0.667,0,"interleaved-2nd-cluster(sil=0.61,min=0.12,il=0.67);overlapping-volley"
flona16-20250918T1636-1_pulses,line_site_7,92,40172.568,40172.683,21,0.801,0.837,0.967,-0.105,0.708,0.048,1.000,0,overlapping-volley
flona16-20250918T1636-1_pulses,line_site_7,100,103317.057,103317.619,132,0.782,0.866,1.079,0.049,0.620,0.114,0.600,0,"interleaved-2nd-cluster(sil=0.62,min=0.11,il=0.60);overlapping-volley"
flona16-20250918T1636-1_pulses,line_site_7,103,104002.077,104002.107,8,0.833,0.306,0.336,0.200,0.629,0.250,0.500,0,"interleaved-2nd-cluster(sil=0.63,min=0.25,il=0.50);overlapping-volley"
flona16-20250918T1636-1_pulses,line_site_7,107,104002.717,104002.852,15,0.791,0.905,0.943,-0.029,0.521,0.133,1.000,0,"interleaved-2nd-cluster(sil=0.52,min=0.13,il=1.00);overlapping-volley"
flona16-20250918T1636-1_pulses,line_site_7,111,106333.836,106333.943,20,0.827,0.813,0.934,-0.615,0.719,0.100,0.500,1,"interleaved-2nd-cluster(sil=0.72,min=0.10,il=0.50);overlapping-volley"
flona16-20250918T1636-1_pulses,line_site_7,113,106359.625,106359.739,33,0.771,1.058,1.180,-0.130,0.894,0.364,0.083,1,overlapping-volley
flona16-20250918T1636-1_pulses,line_site_7,117,106359.878,106359.967,14,0.852,0.654,0.689,-0.447,0.597,0.286,0.250,1,overlapping-volley
flona16-20250918T1636-1_pulses,line_site_7,119,106575.802,106575.971,39,0.746,0.959,1.153,-0.147,0.637,0.436,0.059,3,overlapping-volley
flona16-20250918T1636-1_pulses,line_site_7,130,117413.318,117413.393,11,0.794,0.970,1.192,-0.319,0.466,0.364,0.500,1,"interleaved-2nd-cluster(sil=0.47,min=0.36,il=0.50)"
flona16-20250918T1636-1_pulses,line_site_7,132,118941.234,118941.441,17,0.910,0.784,0.979,-0.643,0.689,0.059,1.000,0,overlapping-volley
flona16-20250918T1636-1_pulses,line_site_7,133,118941.513,118941.867,29,0.914,1.064,1.394,-0.440,0.832,0.034,1.000,0,overlapping-volley
flona16-20250918T1636-1_pulses,line_site_7,134,118941.903,118942.033,9,0.693,0.227,0.240,-0.720,0.502,0.222,0.500,0,"interleaved-2nd-cluster(sil=0.50,min=0.22,il=0.50);overlapping-volley"
flona16-20250918T1636-1_pulses,line_site_7,137,118942.351,118942.569,12,0.725,0.249,0.274,-0.517,0.760,0.083,1.000,0,"interleaved-2nd-cluster(sil=0.76,min=0.08,il=1.00);overlapping-volley"
flona16-20250918T1636-1_pulses,line_site_7,138,118942.789,118943.000,14,0.884,0.492,0.514,-0.686,0.281,0.214,0.667,0,overlapping-volley
flona16-20250918T1636-1_pulses,line_site_7,139,118943.034,118943.399,22,0.905,0.916,1.156,-0.194,0.757,0.045,1.000,0,overlapping-volley
flona16-20250918T1636-1_pulses,line_site_7,140,118943.425,118944.511,59,0.787,0.580,0.966,0.232,0.620,0.102,1.000,2,"interleaved-2nd-cluster(sil=0.62,min=0.10,il=1.00);overlapping-volley"
flona16-20250918T1636-1_pulses,line_site_7,143,118945.640,118946.149,63,0.818,0.727,0.998,-0.143,0.316,0.286,0.833,2,overlapping-volley
flona16-20250918T1636-1_pulses,line_site_7,146,118951.319,118951.709,40,0.726,0.412,0.684,-0.184,0.164,0.475,0.474,1,overlapping-volley
flona16-20250918T1636-1_pulses,line_site_7,148,118951.745,118952.589,103,0.707,0.237,0.806,0.733,0.364,0.184,0.895,1,overlapping-volley
flona16-20250918T1636-1_pulses,line_site_7,153,118955.585,118956.411,49,0.703,0.402,0.502,-0.163,0.382,0.204,1.000,1,overlapping-volley
flona16-20250918T1636-1_pulses,line_site_7,158,118958.668,118959.039,24,0.836,0.482,0.579,-0.389,0.273,0.375,0.667,1,overlapping-volley
flona16-20250918T1636-1_pulses,line_site_7,161,118961.409,118962.398,106,0.897,0.602,0.809,0.092,0.371,0.208,0.909,1,overlapping-volley
flona16-20250918T1636-1_pulses,line_site_7,163,118963.415,118963.766,21,0.795,0.318,0.350,-0.444,0.368,0.238,0.600,1,overlapping-volley
flona16-20250918T1636-1_pulses,line_site_7,164,118963.816,118964.169,28,0.714,0.541,0.589,-0.078,0.348,0.286,0.750,1,overlapping-volley
flona16-20250918T1636-1_pulses,line_site_7,165,118968.115,118968.266,9,0.909,0.454,0.574,-0.141,0.468,0.222,1.000,0,"interleaved-2nd-cluster(sil=0.47,min=0.22,il=1.00);overlapping-volley"
flona16-20250918T1636-1_pulses,line_site_7,171,118970.083,118970.208,9,0.925,0.341,0.348,-0.402,0.550,0.111,1.000,0,"interleaved-2nd-cluster(sil=0.55,min=0.11,il=1.00);overlapping-volley"
flona16-20250918T1636-1_pulses,line_site_7,172,118970.261,118970.612,20,0.845,0.255,0.506,-0.487,0.722,0.050,1.000,0,overlapping-volley
flona16-20250918T1636-1_pulses,line_site_7,175,118971.049,118971.169,9,0.867,0.298,0.369,-0.616,0.353,0.333,1.000,0,overlapping-volley
flona16-20250918T1636-1_pulses,line_site_7,176,118971.194,118971.453,13,0.735,0.230,0.250,-0.766,0.258,0.308,0.750,0,overlapping-volley
flona16-20250918T1636-1_pulses,line_site_7,178,120433.900,120433.952,13,0.748,0.539,0.565,-0.726,0.459,0.308,0.500,0,"interleaved-2nd-cluster(sil=0.46,min=0.31,il=0.50)"
flona16-20250918T1636-1_pulses,line_site_7,184,122720.236,122720.506,72,0.812,0.696,1.027,-0.153,0.729,0.083,0.833,0,"interleaved-2nd-cluster(sil=0.73,min=0.08,il=0.83)"
flona16-20250918T1636-1_pulses,line_site_7,187,123703.984,123704.041,8,0.738,1.226,1.275,-0.249,0.576,0.125,1.000,0,"interleaved-2nd-cluster(sil=0.58,min=0.12,il=1.00)"
flona16-20250918T1636-1_pulses,line_site_7,192,126836.600,126836.698,22,0.734,0.822,0.890,-0.703,0.786,0.045,1.000,1,overlapping-volley
flona16-20250918T1636-1_pulses,line_site_7,199,127410.413,127410.519,29,0.768,1.000,1.139,-0.111,0.750,0.103,0.667,1,"interleaved-2nd-cluster(sil=0.75,min=0.10,il=0.67);overlapping-volley"
flona16-20250918T1636-1_pulses,line_site_7,200,127410.523,127410.682,16,0.751,1.197,1.274,-0.660,0.568,0.438,0.143,1,overlapping-volley
flona16-20250918T1636-1_pulses,line_site_7,205,128517.419,128518.227,127,0.799,0.809,1.078,0.200,0.306,0.465,0.407,0,overlapping-volley
flona16-20250918T1636-1_pulses,line_site_7,207,128520.221,128520.383,25,0.793,0.474,0.530,-0.171,0.870,0.080,0.500,0,"interleaved-2nd-cluster(sil=0.87,min=0.08,il=0.50);overlapping-volley"
flona16-20250918T1636-1_pulses,line_site_7,210,128880.579,128881.006,88,0.805,0.695,1.207,0.342,0.551,0.284,0.040,2,overlapping-volley
flona16-20250918T1636-1_pulses,line_site_7,216,130593.942,130594.095,32,0.781,0.758,1.012,-0.666,0.649,0.469,0.133,2,overlapping-volley
flona16-20250918T1636-1_pulses,line_site_7,219,131811.968,131812.009,13,0.811,0.695,0.701,-0.213,0.535,0.308,0.250,3,overlapping-volley
flona16-20250918T1636-1_pulses,line_site_7,220,131812.006,131812.052,9,0.764,1.452,1.456,-0.338,0.778,0.333,0.333,3,overlapping-volley
flona16-20250918T1636-1_pulses,line_site_7,222,131812.135,131812.284,22,0.771,0.881,1.369,-0.288,0.827,0.045,1.000,3,overlapping-volley
flona16-20250918T1636-1_pulses,line_site_7,224,132139.549,132139.751,42,0.792,1.009,1.125,0.152,0.651,0.095,0.750,0,"interleaved-2nd-cluster(sil=0.65,min=0.10,il=0.75)"
flona16-20250920T1635-1_pulses,line_site_7,7,21263.229,21263.310,20,0.705,0.949,0.979,-0.510,0.768,0.100,0.500,0,"interleaved-2nd-cluster(sil=0.77,min=0.10,il=0.50)"
flona16-20250920T1635-1_pulses,line_site_7,9,23409.490,23409.583,18,0.822,1.411,1.609,-0.511,0.670,0.444,0.750,0,"interleaved-2nd-cluster(sil=0.67,min=0.44,il=0.75)"
flona16-20250920T1635-1_pulses,line_site_7,12,24841.228,24841.285,16,0.883,0.489,0.676,-0.767,0.557,0.188,0.667,0,"interleaved-2nd-cluster(sil=0.56,min=0.19,il=0.67);overlapping-volley"
flona16-20250920T1635-1_pulses,line_site_7,18,26363.351,26363.376,9,0.835,0.209,0.219,-0.124,0.613,0.444,0.500,0,"interleaved-2nd-cluster(sil=0.61,min=0.44,il=0.50);overlapping-volley"
flona16-20250920T1635-1_pulses,line_site_7,20,26365.098,26365.143,14,0.801,1.104,1.439,-0.964,0.573,0.429,0.500,0,"interleaved-2nd-cluster(sil=0.57,min=0.43,il=0.50)"
flona16-20250920T1635-1_pulses,line_site_7,21,28331.948,28332.049,24,0.819,1.353,1.431,-0.090,0.442,0.292,0.429,0,overlapping-volley
flona16-20250920T1635-1_pulses,line_site_7,24,31580.515,31580.642,35,0.791,0.648,0.716,-0.133,0.466,0.429,0.400,2,overlapping-volley
flona16-20250920T1635-1_pulses,line_site_7,26,31868.746,31868.897,35,0.751,0.791,0.989,-0.268,0.603,0.486,0.059,0,overlapping-volley
flona16-20250920T1635-1_pulses,line_site_7,28,31869.116,31869.630,91,0.879,0.506,1.439,0.265,0.727,0.220,0.050,1,overlapping-volley
flona16-20250920T1635-1_pulses,line_site_7,30,31869.817,31869.915,14,0.680,1.057,1.191,-0.856,0.597,0.500,0.429,1,overlapping-volley
flona16-20250920T1635-1_pulses,line_site_7,32,31870.103,31870.182,13,0.806,0.786,0.854,-0.507,0.748,0.077,1.000,1,overlapping-volley
flona16-20250920T1635-1_pulses,line_site_7,35,32029.371,32029.471,32,0.809,0.226,0.575,-0.116,0.577,0.375,0.083,2,overlapping-volley
flona16-20250920T1635-1_pulses,line_site_7,36,32029.728,32029.805,20,0.768,1.023,1.075,-0.138,0.595,0.450,0.111,2,overlapping-volley
flona16-20250920T1635-1_pulses,line_site_7,37,32032.264,32032.329,12,0.910,0.790,0.905,-0.364,0.535,0.333,0.250,2,overlapping-volley
flona16-20250920T1635-1_pulses,line_site_7,38,32032.516,32032.661,20,0.754,0.964,1.109,-0.715,0.748,0.150,0.333,2,overlapping-volley
flona16-20250920T1635-1_pulses,line_site_7,39,32936.929,32937.049,26,0.809,0.940,1.149,-0.532,0.758,0.077,0.500,0,overlapping-volley
flona16-20250920T1635-1_pulses,line_site_7,40,32937.095,32937.190,16,0.705,1.017,1.150,-0.395,0.648,0.062,1.000,0,overlapping-volley
flona16-20250920T1635-1_pulses,line_site_7,42,32950.242,32950.466,28,0.831,1.098,1.205,-0.585,0.889,0.036,1.000,0,overlapping-volley
flona16-20250920T1635-1_pulses,line_site_7,45,33578.927,33579.133,45,0.804,0.616,1.280,0.015,0.445,0.422,0.474,0,overlapping-volley
flona16-20250920T1635-1_pulses,line_site_7,46,33579.201,33579.271,8,0.833,0.553,0.608,-0.461,0.258,0.375,1.000,0,overlapping-volley
flona16-20250920T1635-1_pulses,line_site_7,47,33581.419,33581.541,21,0.849,0.371,0.650,-0.434,0.309,0.476,0.500,0,overlapping-volley
flona16-20250920T1635-1_pulses,line_site_7,52,33685.013,33685.195,40,0.775,0.783,1.029,-0.369,0.431,0.350,0.500,0,overlapping-volley
flona16-20250920T1635-1_pulses,line_site_7,55,34861.827,34861.910,13,0.795,0.469,0.493,-0.386,0.575,0.077,1.000,1,overlapping-volley
flona16-20250920T1635-1_pulses,line_site_7,56,34862.277,34862.377,17,0.686,0.592,0.603,-0.740,0.274,0.412,0.429,1,overlapping-volley
flona16-20250920T1635-1_pulses,line_site_7,57,34862.624,34862.694,14,0.774,0.450,0.462,-0.538,0.279,0.286,1.000,1,overlapping-volley
flona16-20250920T1635-1_pulses,line_site_7,58,34862.799,34862.921,22,0.765,0.554,0.839,-0.554,0.249,0.500,0.545,1,overlapping-volley
flona16-20250920T1635-1_pulses,line_site_7,59,34863.026,34863.139,15,0.722,0.654,0.684,-0.644,0.368,0.333,0.400,1,overlapping-volley
flona16-20250920T1635-1_pulses,line_site_7,60,34863.216,34863.263,9,0.742,0.471,0.496,-0.572,0.374,0.111,1.000,1,overlapping-volley
flona16-20250920T1635-1_pulses,line_site_7,62,34863.411,34863.515,16,0.815,0.636,0.736,-0.268,0.359,0.375,0.667,1,overlapping-volley
flona16-20250920T1635-1_pulses,line_site_7,63,34863.617,34863.772,22,0.761,0.598,0.874,-0.089,0.583,0.045,1.000,0,overlapping-volley
flona16-20250920T1635-1_pulses,line_site_7,71,34866.181,34866.294,21,0.755,0.415,0.488,-0.075,0.292,0.476,0.400,1,overlapping-volley
flona16-20250920T1635-1_pulses,line_site_7,76,36572.675,36572.746,14,0.830,0.945,0.952,-0.803,0.396,0.429,0.167,0,overlapping-volley
flona16-20250920T1635-1_pulses,line_site_7,81,37510.084,37510.149,14,0.840,1.557,1.561,-0.186,0.520,0.143,1.000,0,"interleaved-2nd-cluster(sil=0.52,min=0.14,il=1.00)"
flona16-20250920T1635-1_pulses,line_site_7,82,37533.457,37533.581,30,0.790,0.861,0.989,-0.328,0.354,0.200,0.167,0,overlapping-volley
flona16-20250920T1635-1_pulses,line_site_7,87,38670.832,38670.960,37,0.796,0.574,0.721,-0.015,0.597,0.351,0.077,0,overlapping-volley
flona16-20250920T1635-1_pulses,line_site_7,88,38671.010,38671.050,9,0.854,0.660,0.682,-0.092,0.460,0.222,0.500,0,"interleaved-2nd-cluster(sil=0.46,min=0.22,il=0.50);overlapping-volley"
flona16-20250920T1635-1_pulses,line_site_7,90,38757.721,38757.948,38,0.760,0.734,1.357,-0.091,0.515,0.421,0.375,1,overlapping-volley
flona16-20250920T1635-1_pulses,line_site_7,92,38972.077,38972.251,36,0.821,0.784,1.409,-0.297,0.722,0.306,0.091,2,overlapping-volley
flona16-20250920T1635-1_pulses,line_site_7,94,39617.695,39617.822,27,0.787,0.867,1.071,-0.086,0.618,0.111,0.667,0,"interleaved-2nd-cluster(sil=0.62,min=0.11,il=0.67)"
flona16-20250920T1635-1_pulses,line_site_7,97,40950.595,40950.723,26,0.809,0.289,0.470,-0.249,0.421,0.154,0.500,0,overlapping-volley
flona16-20250920T1635-1_pulses,line_site_7,99,41392.894,41393.369,111,0.808,0.742,1.459,0.239,0.853,0.162,0.056,2,overlapping-volley
flona16-20250920T1635-1_pulses,line_site_7,101,41393.298,41393.394,10,0.678,0.786,1.014,-0.444,0.467,0.200,0.500,2,"interleaved-2nd-cluster(sil=0.47,min=0.20,il=0.50);overlapping-volley"
flona16-20250920T1635-1_pulses,line_site_7,126,41394.777,41394.883,8,0.700,0.601,0.635,-0.490,0.655,0.125,1.000,2,"interleaved-2nd-cluster(sil=0.65,min=0.12,il=1.00);overlapping-volley"
flona16-20250920T1635-1_pulses,line_site_7,129,41395.087,41395.250,12,0.530,1.023,1.129,-0.231,0.839,0.083,1.000,1,"interleaved-2nd-cluster(sil=0.84,min=0.08,il=1.00);overlapping-volley"
flona16-20250920T1635-1_pulses,line_site_7,130,41395.457,41395.557,14,0.769,1.037,1.042,-0.760,0.531,0.071,1.000,1,overlapping-volley
flona16-20250920T1635-1_pulses,line_site_7,132,41395.771,41395.859,13,0.773,1.154,1.307,-0.320,0.289,0.385,0.600,1,overlapping-volley
flona16-20250920T1635-1_pulses,line_site_7,135,41396.412,41396.586,25,0.751,1.023,1.129,-0.288,0.547,0.240,0.167,1,overlapping-volley
flona16-20250920T1635-1_pulses,line_site_7,136,41396.838,41396.962,17,0.746,0.881,0.898,-0.428,0.460,0.353,0.333,0,overlapping-volley
flona16-20250920T1635-1_pulses,line_site_7,138,41397.318,41397.409,15,0.785,0.754,1.067,-0.222,0.674,0.067,1.000,0,overlapping-volley
flona16-20250920T1635-1_pulses,line_site_7,139,41397.502,41397.619,10,0.738,0.689,0.696,-0.546,0.605,0.300,0.333,0,overlapping-volley
flona16-20250920T1635-1_pulses,line_site_7,145,41398.746,41398.937,34,0.775,0.457,0.694,-0.156,0.600,0.500,0.118,0,overlapping-volley
flona16-20250920T1635-1_pulses,line_site_7,146,41399.040,41399.112,9,0.828,0.783,0.837,-0.221,0.652,0.444,0.250,0,overlapping-volley
flona16-20250920T1635-1_pulses,line_site_7,149,41400.633,41400.665,8,0.847,0.185,0.201,-0.496,0.503,0.375,0.333,3,overlapping-volley
flona16-20250920T1635-1_pulses,line_site_7,150,41403.448,41403.678,26,0.840,0.519,0.734,-0.160,0.639,0.077,1.000,5,overlapping-volley
flona16-20250920T1635-1_pulses,line_site_7,151,41403.843,41404.074,30,0.823,0.768,0.929,-0.123,0.435,0.333,0.500,4,overlapping-volley
flona16-20250920T1635-1_pulses,line_site_7,152,41404.157,41404.867,56,0.789,0.806,0.906,0.002,0.494,0.446,0.120,4,overlapping-volley
flona16-20250920T1635-1_pulses,line_site_7,153,41404.898,41405.080,19,0.798,0.405,0.452,-0.407,0.421,0.421,0.625,2,overlapping-volley
flona16-20250920T1635-1_pulses,line_site_7,155,41405.389,41405.582,11,0.822,0.408,0.489,-0.032,0.536,0.182,1.000,1,"interleaved-2nd-cluster(sil=0.54,min=0.18,il=1.00);overlapping-volley"
flona16-20250920T1635-1_pulses,line_site_7,156,41405.614,41405.835,24,0.774,0.402,0.422,-0.505,0.487,0.458,0.182,1,overlapping-volley
flona16-20250920T1635-1_pulses,line_site_7,157,41405.912,41406.041,12,0.744,0.818,0.935,-0.346,0.512,0.167,1.000,0,"interleaved-2nd-cluster(sil=0.51,min=0.17,il=1.00);overlapping-volley"
flona16-20250920T1635-1_pulses,line_site_7,158,41406.069,41406.339,20,0.821,0.526,0.535,-0.166,0.590,0.050,1.000,1,overlapping-volley
flona16-20250920T1635-1_pulses,line_site_7,159,41406.365,41406.555,18,0.774,0.509,0.562,-0.485,0.391,0.389,0.429,1,overlapping-volley
flona16-20250920T1635-1_pulses,line_site_7,161,41406.839,41406.925,9,0.766,0.439,0.462,-0.158,0.499,0.111,1.000,1,"interleaved-2nd-cluster(sil=0.50,min=0.11,il=1.00);overlapping-volley"
flona16-20250920T1635-1_pulses,line_site_7,163,41407.632,41407.794,9,0.763,0.203,0.217,-0.245,0.671,0.111,1.000,0,"interleaved-2nd-cluster(sil=0.67,min=0.11,il=1.00);overlapping-volley"
flona16-20250920T1635-1_pulses,line_site_7,164,43790.330,43790.560,51,0.808,0.654,0.763,-0.099,0.159,0.431,0.591,0,overlapping-volley
flona16-20250920T1635-1_pulses,line_site_7,165,43790.596,43790.651,9,0.736,0.598,0.611,-0.097,0.217,0.333,0.667,0,overlapping-volley
flona16-20250920T1635-1_pulses,line_site_7,166,43812.655,43812.791,39,0.682,0.803,0.916,-0.329,0.246,0.410,0.562,0,overlapping-volley
flona16-20250920T1635-1_pulses,line_site_7,168,44413.904,44414.016,28,0.777,0.757,0.987,-0.175,0.640,0.036,1.000,0,overlapping-volley
flona16-20250920T1635-1_pulses,line_site_7,171,44654.716,44654.900,30,0.701,1.206,1.245,-0.387,0.535,0.167,0.600,0,"interleaved-2nd-cluster(sil=0.54,min=0.17,il=0.60)"
flona16-20250920T1635-1_pulses,line_site_7,172,44714.552,44714.688,24,0.783,1.147,1.578,-0.138,0.461,0.125,1.000,0,"interleaved-2nd-cluster(sil=0.46,min=0.12,il=1.00);overlapping-volley"
flona16-20250920T1635-1_pulses,line_site_7,173,44714.735,44714.764,8,0.822,0.369,0.375,-0.016,0.729,0.125,1.000,0,"interleaved-2nd-cluster(sil=0.73,min=0.12,il=1.00);overlapping-volley"
flona16-20250920T1635-1_pulses,line_site_7,176,44735.558,44736.511,172,0.831,0.756,1.338,0.188,0.512,0.105,0.722,0,"interleaved-2nd-cluster(sil=0.51,min=0.10,il=0.72);overlapping-volley"
flona16-20250920T1635-1_pulses,line_site_7,177,44791.049,44791.436,97,0.845,0.356,0.785,0.857,0.239,0.247,0.500,0,overlapping-volley
flona16-20250920T1635-1_pulses,line_site_7,185,94955.321,94955.424,20,0.838,0.705,0.750,-0.229,0.599,0.150,1.000,0,"interleaved-2nd-cluster(sil=0.60,min=0.15,il=1.00)"
flona16-20250920T1635-1_pulses,line_site_7,188,94986.954,94987.205,49,0.806,0.717,0.824,0.008,0.690,0.163,0.125,0,overlapping-volley
flona16-20250920T1635-1_pulses,line_site_7,190,95005.937,95006.027,25,0.716,0.674,1.020,-0.158,0.547,0.320,0.125,0,overlapping-volley
flona16-20250920T1635-1_pulses,line_site_7,192,95767.946,95768.012,9,0.793,0.953,0.980,-0.777,0.653,0.111,1.000,0,"interleaved-2nd-cluster(sil=0.65,min=0.11,il=1.00)"
flona16-20250920T1635-1_pulses,line_site_7,195,96015.704,96015.798,23,0.781,0.950,1.524,-0.250,0.575,0.435,0.100,0,overlapping-volley
flona16-20250920T1635-1_pulses,line_site_7,197,96514.714,96514.996,52,0.817,0.530,0.835,0.302,0.634,0.462,0.083,0,overlapping-volley
flona16-20250920T1635-1_pulses,line_site_7,202,97133.914,97133.996,13,0.783,1.046,1.065,-0.658,0.737,0.154,1.000,1,"interleaved-2nd-cluster(sil=0.74,min=0.15,il=1.00);overlapping-volley"
flona16-20250920T1635-1_pulses,line_site_7,206,99067.439,99067.613,39,0.768,0.761,0.953,0.438,0.918,0.051,0.500,1,overlapping-volley
flona16-20250920T1635-1_pulses,line_site_7,208,100146.055,100146.600,99,0.829,0.941,1.408,0.403,0.802,0.020,0.500,0,overlapping-volley
flona16-20250920T1635-1_pulses,line_site_7,209,100146.648,100147.518,67,0.828,0.779,1.019,0.129,0.504,0.403,0.111,0,overlapping-volley
flona16-20250920T1635-1_pulses,line_site_7,210,100147.549,100149.561,151,0.725,0.540,0.800,0.373,0.440,0.205,0.452,0,overlapping-volley
flona16-20250920T1635-1_pulses,line_site_7,213,100149.821,100150.023,15,0.200,0.907,0.954,-0.706,0.664,0.067,1.000,0,overlapping-volley
flona16-20250920T1635-1_pulses,line_site_7,219,100150.565,100151.029,29,0.893,1.005,1.123,-0.411,0.350,0.483,0.143,0,overlapping-volley
flona16-20250920T1635-1_pulses,line_site_7,222,100151.253,100152.044,51,0.896,0.365,0.492,-0.178,0.345,0.294,0.867,0,overlapping-volley
flona16-20250920T1635-1_pulses,line_site_7,223,100152.121,100153.279,99,0.744,0.332,0.489,0.057,0.358,0.414,0.098,0,overlapping-volley
flona16-20250920T1635-1_pulses,line_site_7,224,100153.309,100153.803,29,0.883,0.597,0.605,-0.516,0.396,0.483,0.214,1,overlapping-volley
flona16-20250920T1635-1_pulses,line_site_7,226,100153.971,100155.151,69,0.740,0.399,0.805,-0.093,0.286,0.377,0.385,1,overlapping-volley
flona16-20250920T1635-1_pulses,line_site_7,227,100155.194,100155.308,9,0.822,0.503,0.525,-0.326,0.304,0.444,0.500,1,overlapping-volley
flona16-20250920T1635-1_pulses,line_site_7,232,100156.285,100156.429,12,0.826,0.273,0.278,-0.472,0.468,0.083,1.000,1,"interleaved-2nd-cluster(sil=0.47,min=0.08,il=1.00);overlapping-volley"
flona16-20250920T1635-1_pulses,line_site_7,233,100156.548,100156.857,18,0.828,0.317,0.365,-0.690,0.496,0.389,0.286,1,overlapping-volley
flona16-20250920T1635-1_pulses,line_site_7,234,100156.930,100157.206,15,0.870,0.336,0.341,-0.657,0.748,0.067,1.000,1,overlapping-volley
flona16-20250920T1635-1_pulses,line_site_7,244,103263.854,103263.886,8,0.816,0.959,1.248,-0.562,0.673,0.125,1.000,1,"interleaved-2nd-cluster(sil=0.67,min=0.12,il=1.00);overlapping-volley"
flona16-20250920T1635-1_pulses,line_site_7,246,103277.633,103277.814,56,0.819,0.598,0.696,0.055,0.578,0.214,0.167,1,overlapping-volley
flona16-20250920T1635-1_pulses,line_site_7,250,103365.244,103365.428,45,0.804,0.945,1.491,-0.092,0.578,0.267,0.083,1,overlapping-volley
flona16-20250920T1635-1_pulses,line_site_7,253,103413.046,103413.177,37,0.749,0.932,0.980,-0.174,0.594,0.351,0.077,1,overlapping-volley
flona16-20250920T1635-1_pulses,line_site_7,257,104091.208,104091.372,41,0.829,0.675,0.752,-0.001,0.760,0.049,0.500,0,overlapping-volley
flona16-20250920T1635-1_pulses,line_site_7,260,104763.578,104763.709,23,0.785,0.956,1.270,-0.250,0.622,0.087,0.500,0,"interleaved-2nd-cluster(sil=0.62,min=0.09,il=0.50);overlapping-volley"
flona16-20250920T1635-1_pulses,line_site_7,264,105753.347,105753.433,18,0.809,0.938,1.528,-0.131,0.393,0.333,0.333,0,overlapping-volley
flona16-20250920T1635-1_pulses,line_site_7,269,106228.140,106228.432,54,0.778,0.861,1.001,0.128,0.534,0.370,0.650,1,"interleaved-2nd-cluster(sil=0.53,min=0.37,il=0.65);overlapping-volley"
flona16-20250920T1635-1_pulses,line_site_7,275,106270.700,106270.802,26,0.727,0.977,0.994,-0.270,0.314,0.500,0.462,0,overlapping-volley
flona16-20250920T1635-1_pulses,line_site_7,279,109422.126,109422.251,31,0.732,0.867,0.940,-0.172,0.687,0.032,1.000,0,overlapping-volley
flona16-20250920T1635-1_pulses,line_site_7,280,109422.331,109422.406,14,0.739,0.994,1.140,-0.546,0.298,0.429,0.333,0,overlapping-volley
flona16-20250920T1635-1_pulses,line_site_7,281,109422.460,109422.523,9,0.864,0.830,0.897,-0.741,0.669,0.222,0.500,0,"interleaved-2nd-cluster(sil=0.67,min=0.22,il=0.50);overlapping-volley"
flona16-20250920T1635-1_pulses,line_site_7,283,110020.266,110020.440,40,0.802,0.773,1.205,-0.077,0.827,0.075,0.667,0,overlapping-volley
flona16-20250920T1635-1_pulses,line_site_7,285,112888.843,112889.001,35,0.736,0.944,1.216,-0.120,0.839,0.029,1.000,0,overlapping-volley
flona16-20250920T1635-1_pulses,line_site_7,289,116568.168,116568.270,29,0.828,0.620,0.638,-0.476,0.720,0.069,0.500,0,overlapping-volley
flona16-20250920T1635-1_pulses,line_site_7,292,117061.691,117061.735,9,0.783,1.439,1.456,-0.179,0.618,0.111,1.000,1,"interleaved-2nd-cluster(sil=0.62,min=0.11,il=1.00);overlapping-volley"
flona16-20250920T1635-1_pulses,line_site_7,293,117061.855,117061.965,22,0.750,1.377,1.389,-0.125,0.408,0.364,0.500,1,overlapping-volley
flona16-20250920T1635-1_pulses,line_site_7,296,117307.367,117307.428,13,0.785,0.982,1.217,-0.115,0.878,0.154,0.500,1,"interleaved-2nd-cluster(sil=0.88,min=0.15,il=0.50)"
flona16-20250920T1635-1_pulses,line_site_7,301,120696.260,120696.381,17,0.796,1.139,1.303,-0.736,0.193,0.471,0.750,0,overlapping-volley
flona16-20250920T1635-1_pulses,line_site_7,303,121871.521,121871.586,10,0.888,1.287,1.605,-0.191,0.391,0.100,1.000,0,overlapping-volley
flona16-20250920T1635-1_pulses,line_site_7,307,122379.790,122379.853,14,0.745,1.211,1.241,-0.250,0.376,0.500,0.429,2,overlapping-volley
flona16-20250920T1635-1_pulses,line_site_7,322,125934.018,125934.105,20,0.756,1.018,1.161,-0.472,0.513,0.350,0.429,0,overlapping-volley
flona16-20250920T1635-1_pulses,line_site_7,324,126939.513,126939.876,71,0.802,0.704,1.050,0.440,0.355,0.451,0.469,0,overlapping-volley
flona16-20250920T1635-1_pulses,line_site_7,325,126939.901,126940.054,20,0.845,0.805,0.852,-0.343,0.351,0.300,0.667,0,overlapping-volley
flona16-20250920T1635-1_pulses,line_site_7,327,127703.280,127703.347,11,0.831,1.093,1.328,-0.514,0.877,0.091,1.000,0,"interleaved-2nd-cluster(sil=0.88,min=0.09,il=1.00)"
flona16-20250920T1635-1_pulses,line_site_7,328,127722.475,127722.586,26,0.793,0.971,1.038,-0.289,0.552,0.423,0.091,2,overlapping-volley
flona16-20250920T1635-1_pulses,line_site_7,337,129881.671,129881.870,43,0.815,0.967,1.557,-0.111,0.768,0.093,0.500,1,"interleaved-2nd-cluster(sil=0.77,min=0.09,il=0.50);overlapping-volley"
flona16-20250920T1635-1_pulses,line_site_7,343,130898.971,130899.156,39,0.788,1.195,1.350,-0.103,0.408,0.179,0.571,1,overlapping-volley
flona16-20250920T1635-1_pulses,line_site_7,346,131904.650,131904.905,73,0.803,0.271,0.664,0.053,0.575,0.164,0.500,1,"interleaved-2nd-cluster(sil=0.57,min=0.16,il=0.50);overlapping-volley"
flona16-20250920T1635-1_pulses,line_site_7,347,132302.208,132302.248,12,0.803,0.573,0.746,-0.098,0.639,0.167,0.500,0,"interleaved-2nd-cluster(sil=0.64,min=0.17,il=0.50)"
